iter	Logloss
0	0.6746733085
1	0.65718641
2	0.6404035329
3	0.6245608299
4	0.6094906577
5	0.5949896769
6	0.5812637544
7	0.5682013696
8	0.5557767049
9	0.5438974275
10	0.5325765654
11	0.5218292802
12	0.5120628227
13	0.502407573
14	0.49294433
15	0.4839955824
16	0.4755215034
17	0.4679933385
18	0.4608613242
19	0.4539330213
20	0.4470746006
21	0.4407574149
22	0.4348396057
23	0.4288348337
24	0.423376172
25	0.4178135653
26	0.4125818373
27	0.4078376029
28	0.4034154603
29	0.3983755411
30	0.393977532
31	0.3902702426
32	0.386508168
33	0.382734283
34	0.3792668783
35	0.3757933342
36	0.372580451
37	0.3694699463
38	0.366587152
39	0.3637507354
40	0.3609103421
41	0.3581499451
42	0.3557596942
43	0.3535314523
44	0.3513345216
45	0.3490702823
46	0.3467768774
47	0.3446950252
48	0.3428063726
49	0.3408555037
50	0.3387497223
51	0.3366162436
52	0.3347807111
53	0.3334093431
54	0.3321415157
55	0.3306330447
56	0.3291990902
57	0.3276876459
58	0.3262455688
59	0.3249755752
60	0.3235610276
61	0.3221596467
62	0.3209298107
63	0.3196816984
64	0.3185717822
65	0.3174495689
66	0.3163098009
67	0.3152667538
68	0.3141643534
69	0.3131641983
70	0.3121914306
71	0.3114018482
72	0.310588381
73	0.3096825388
74	0.3089065402
75	0.3081099292
76	0.3072706378
77	0.3065165365
78	0.3057304838
79	0.3049846202
80	0.304243149
81	0.3035521384
82	0.302947176
83	0.3023751193
84	0.3016061932
85	0.3010831205
86	0.3004378831
87	0.2999600336
88	0.299490331
89	0.2987682912
90	0.2980419532
91	0.29762774
92	0.2970862968
93	0.2966205868
94	0.2962082368
95	0.2958383017
96	0.2953834967
97	0.2950254646
98	0.294688893
99	0.2943197587
100	0.2939504849
101	0.2933939715
102	0.2929274361
103	0.2926020938
104	0.2923407704
105	0.2920003252
106	0.2915727902
107	0.2910559827
108	0.2906528671
109	0.2902318832
110	0.2897134714
111	0.2892796523
112	0.288916987
113	0.2885853403
114	0.2883380573
115	0.2880549765
116	0.2876277741
117	0.2872945949
118	0.287019192
119	0.2867273778
120	0.2865131514
121	0.2862021077
122	0.285860722
123	0.2856318333
124	0.285391104
125	0.2851622395
126	0.2848369274
127	0.2846470651
128	0.2844528442
129	0.2842657036
130	0.2839782479
131	0.2837286211
132	0.2835296498
133	0.28328897
134	0.2830658676
135	0.2828368901
136	0.2826560301
137	0.2823938063
138	0.2821623003
139	0.2819127644
140	0.2817167706
141	0.2814701298
142	0.2813213778
143	0.2811354338
144	0.2809797375
145	0.2808160554
146	0.2806495874
147	0.2805205689
148	0.2803114796
149	0.2800287692
150	0.2798847209
151	0.2797546171
152	0.2796067801
153	0.2793996296
154	0.2792162287
155	0.2790574534
156	0.2789240335
157	0.2787956235
158	0.2786265347
159	0.2784952566
160	0.2783366156
161	0.2782149737
162	0.2781069637
163	0.2779848814
164	0.2778235537
165	0.2776493267
166	0.2775375135
167	0.2774089014
168	0.2772894159
169	0.2771274118
170	0.2770168499
171	0.2768843332
172	0.2767447454
173	0.2766062953
174	0.2764826631
175	0.2763633937
176	0.2762477933
177	0.2761629228
178	0.2760900283
179	0.2759665913
180	0.2758547123
181	0.2757685381
182	0.2756573856
183	0.2755643703
184	0.2754439205
185	0.2753209752
186	0.2751963415
187	0.2751166252
188	0.2750534019
189	0.2749355867
190	0.2748490417
191	0.2747304031
192	0.274641368
193	0.2745378106
194	0.2744674973
195	0.2743700471
196	0.2742780743
197	0.2741709798
198	0.2741085618
199	0.2740270161
200	0.2739399104
201	0.2738382285
202	0.2737512176
203	0.2736501795
204	0.2735447147
205	0.2734448247
206	0.2733411536
207	0.2732605874
208	0.2731794907
209	0.2730927027
210	0.2730108202
211	0.2729179727
212	0.2728336978
213	0.2727810729
214	0.2726797791
215	0.2725068687
216	0.2724308009
217	0.2723518622
218	0.2722966501
219	0.2722266178
220	0.272133552
221	0.272064366
222	0.2720192791
223	0.2719290172
224	0.2718584394
225	0.2717659827
226	0.2716663127
227	0.271602867
228	0.2715380513
229	0.2714685314
230	0.2714207227
231	0.2713470947
232	0.2712757132
233	0.2712317785
234	0.2711658045
235	0.2711078415
236	0.2710448712
237	0.2708918814
238	0.270807356
239	0.2707611699
240	0.2706962086
241	0.2706143216
242	0.2705282504
243	0.2704575337
244	0.2703935389
245	0.270331063
246	0.2702632922
247	0.2701973214
248	0.2701257927
249	0.270065868
250	0.2700041052
251	0.2699328515
252	0.26975858
253	0.2697117283
254	0.2696351597
255	0.2695653148
256	0.2695220881
257	0.2694484463
258	0.2693887445
259	0.2693250736
260	0.2692574208
261	0.2692042809
262	0.2690356295
263	0.2689704116
264	0.2689187598
265	0.2688559525
266	0.268788343
267	0.2687155396
268	0.2686624643
269	0.2685958872
270	0.2685533776
271	0.2684932887
272	0.2684263064
273	0.2683518431
274	0.2682899039
275	0.2682381408
276	0.2681840237
277	0.2681313664
278	0.2680821142
279	0.2680428155
280	0.2680018889
281	0.2679449854
282	0.2678808277
283	0.2678261839
284	0.2677758998
285	0.2677109561
286	0.2676621416
287	0.2676153963
288	0.2675656715
289	0.2675345156
290	0.2674761872
291	0.2674328663
292	0.2673155651
293	0.267191341
294	0.2671282231
295	0.2670645701
296	0.2670062581
297	0.2669588235
298	0.2669105361
299	0.2668474082
300	0.266731436
301	0.2666744958
302	0.2665415793
303	0.2664906964
304	0.2664577221
305	0.2663366704
306	0.26630323
307	0.2662464995
308	0.2662110675
309	0.2661721994
310	0.2660972895
311	0.2659737758
312	0.2659305491
313	0.2658845041
314	0.2658467435
315	0.2658013149
316	0.2657731572
317	0.265702265
318	0.2656363147
319	0.2656132807
320	0.2655644507
321	0.2654559068
322	0.2654264516
323	0.265369457
324	0.2653165723
325	0.2652806905
326	0.2652416549
327	0.2652113062
328	0.2651595727
329	0.2651177738
330	0.2650493469
331	0.2649331935
332	0.264882404
333	0.2648253065
334	0.264781959
335	0.2647413879
336	0.264691369
337	0.2646514449
338	0.2646148641
339	0.2645862003
340	0.264548643
341	0.2644700346
342	0.2644291065
343	0.2644019055
344	0.2643433616
345	0.2643081954
346	0.2642308891
347	0.2641952022
348	0.2641605462
349	0.2641336404
350	0.2640383475
351	0.2640011069
352	0.2639317047
353	0.263895579
354	0.2638660748
355	0.2638282806
356	0.2637926745
357	0.2637625968
358	0.2637280792
359	0.2637102066
360	0.2636818224
361	0.2636293711
362	0.2635219129
363	0.2634882867
364	0.2634665674
365	0.2634101457
366	0.2633812912
367	0.2633568828
368	0.2632538532
369	0.2632242563
370	0.2631314766
371	0.2631053927
372	0.2630651119
373	0.2630331856
374	0.2630102783
375	0.2629698428
376	0.2629206178
377	0.2628789884
378	0.2628546407
379	0.2628195029
380	0.2627897196
381	0.2627545875
382	0.2627152816
383	0.2626787942
384	0.2626278528
385	0.2625776234
386	0.2625552675
387	0.2625123919
388	0.2624779278
389	0.2624351176
390	0.2623641976
391	0.2623385932
392	0.2623111877
393	0.2622893342
394	0.2622327871
395	0.2621878092
396	0.2621374023
397	0.2621076235
398	0.2620804271
399	0.2620503835
400	0.2620113147
401	0.2619812723
402	0.2619615426
403	0.2618857525
404	0.2618330313
405	0.2617846383
406	0.2617598696
407	0.2617136923
408	0.2616800829
409	0.2616688756
410	0.2616380157
411	0.2616130141
412	0.2615929418
413	0.2615443124
414	0.2615062569
415	0.2614619918
416	0.2614255668
417	0.2614016473
418	0.2613740379
419	0.2613432221
420	0.2613079902
421	0.2612775887
422	0.2612495243
423	0.2612241038
424	0.2611913778
425	0.2611477948
426	0.2611165235
427	0.2611001567
428	0.2610586945
429	0.2610401553
430	0.2610026869
431	0.2609641239
432	0.2609177512
433	0.2608956251
434	0.2608528483
435	0.2608287776
436	0.2608053316
437	0.2607672094
438	0.2607369155
439	0.2607172826
440	0.2606903955
441	0.2606624936
442	0.260617724
443	0.2605837498
444	0.2605513062
445	0.260535723
446	0.2604700316
447	0.2604550972
448	0.2604350676
449	0.2603482562
450	0.2603280198
451	0.2603029693
452	0.2602416227
453	0.2602090839
454	0.2601804602
455	0.2601435292
456	0.2601233066
457	0.2600993957
458	0.2600677166
459	0.2600423766
460	0.2600199425
461	0.2599841276
462	0.2599098448
463	0.2598838936
464	0.2598626015
465	0.2598230773
466	0.2598087419
467	0.2597753997
468	0.2597568314
469	0.2596830902
470	0.2596432662
471	0.2596164703
472	0.2595961706
473	0.2595207593
474	0.2594767111
475	0.2593965973
476	0.2593728894
477	0.2593028208
478	0.2592677566
479	0.2592075082
480	0.2591670723
481	0.2591251002
482	0.2590679967
483	0.259026883
484	0.258990895
485	0.2589762009
486	0.2589471461
487	0.2589140659
488	0.2588901949
489	0.2588384292
490	0.2588179121
491	0.2587801035
492	0.2587616098
493	0.2587391727
494	0.2586954938
495	0.258674922
496	0.2586500438
497	0.2585955804
498	0.2585752097
499	0.2585518896
500	0.2585080636
501	0.2584831372
502	0.258464951
503	0.2584297283
504	0.2584081755
505	0.2583678971
506	0.2583397637
507	0.258307631
508	0.2582661179
509	0.2582007381
510	0.2581686267
511	0.2581278339
512	0.2581100046
513	0.2580732623
514	0.2580576641
515	0.258046173
516	0.2580135537
517	0.2579877385
518	0.2579860082
519	0.2579629015
520	0.2579378612
521	0.2579045695
522	0.257872926
523	0.2578569754
524	0.2578449937
525	0.2578290297
526	0.2578068385
527	0.2577881021
528	0.2577684692
529	0.2577587242
530	0.2577181571
531	0.2576976873
532	0.2576769189
533	0.257657319
534	0.2576198837
535	0.2575976619
536	0.2575734282
537	0.2575581067
538	0.2575235939
539	0.2575157814
540	0.2574957234
541	0.2574666697
542	0.2574484108
543	0.2574188731
544	0.2573877024
545	0.2573538709
546	0.2573276566
547	0.2572971487
548	0.2572756438
549	0.2572558782
550	0.2572353636
551	0.2572123468
552	0.2571849898
553	0.2571484863
554	0.2571269934
555	0.2570975189
556	0.2570756649
557	0.2570574539
558	0.2570192556
559	0.2570055333
560	0.2569787425
561	0.2569637305
562	0.2569399789
563	0.2569057552
564	0.256877557
565	0.2568525398
566	0.2568121512
567	0.2568017302
568	0.2567864238
569	0.2567379738
570	0.2567042022
571	0.2566809063
572	0.2566621077
573	0.2566044782
574	0.2565918058
575	0.2565636126
576	0.2565428658
577	0.2565288676
578	0.256502898
579	0.256487385
580	0.256480787
581	0.2564457687
582	0.256437573
583	0.2564250616
584	0.2564041532
585	0.2563794061
586	0.2563370822
587	0.2563101911
588	0.2562994302
589	0.2562731806
590	0.2562567786
591	0.2562299331
592	0.2562006097
593	0.2561782614
594	0.256155972
595	0.2561377727
596	0.2561051277
597	0.2560511206
598	0.2560272298
599	0.256012985
600	0.2559979378
601	0.2559861741
602	0.2559563644
603	0.2559303918
604	0.2559105079
605	0.2558806583
606	0.2558529596
607	0.2558264012
608	0.2558105925
609	0.2557825041
610	0.2557614273
611	0.2557308662
612	0.2557185295
613	0.2556913534
614	0.2556479045
615	0.255628035
616	0.2556156794
617	0.2555900907
618	0.2555687861
619	0.2555521264
620	0.2555104784
621	0.2554982549
622	0.2554886676
623	0.2554666835
624	0.2554393286
625	0.2554119117
626	0.2554024141
627	0.2553877445
628	0.2553770806
629	0.2553564397
630	0.2553382303
631	0.2553177163
632	0.2553050576
633	0.2552892029
634	0.2552747467
635	0.2552153537
636	0.2552054402
637	0.2551932992
638	0.2551775204
639	0.2551529315
640	0.2551421568
641	0.2551337391
642	0.2551186641
643	0.2550980805
644	0.2550675034
645	0.2550503334
646	0.2550339331
647	0.2550165127
648	0.2550067704
649	0.2549799062
650	0.2549559939
651	0.2549470692
652	0.2549333722
653	0.2549166065
654	0.2549042295
655	0.2548620087
656	0.2548388004
657	0.2548147413
658	0.2547915259
659	0.2547451216
660	0.254725464
661	0.254678154
662	0.2546366277
663	0.2546083663
664	0.2545881771
665	0.2545679105
666	0.2545406632
667	0.2545172503
668	0.2544930994
669	0.2544782466
670	0.2544413729
671	0.2544295756
672	0.2543916601
673	0.2543537217
674	0.2543336973
675	0.2542883246
676	0.2542720532
677	0.2542472461
678	0.2542285974
679	0.2542061259
680	0.2541771319
681	0.2541475585
682	0.254134631
683	0.2541164841
684	0.2541062126
685	0.2540962206
686	0.2540750482
687	0.2540641672
688	0.2540568363
689	0.254036996
690	0.2540220493
691	0.253997842
692	0.2539778093
693	0.2539581369
694	0.2539348902
695	0.2538929777
696	0.253871238
697	0.2538600907
698	0.2538504935
699	0.253838268
700	0.2538247673
701	0.2538097394
702	0.2537972396
703	0.2537761167
704	0.2537580297
705	0.2537327174
706	0.2537094992
707	0.2536902012
708	0.2536687319
709	0.2536463685
710	0.2536272647
711	0.2535920208
712	0.2535707153
713	0.2535448669
714	0.2535125804
715	0.2534936429
716	0.2534826823
717	0.2534713215
718	0.2534541739
719	0.2534372446
720	0.2534094891
721	0.2533878507
722	0.2533751369
723	0.2533639713
724	0.2533410719
725	0.2533155184
726	0.2533047232
727	0.2532883664
728	0.253266227
729	0.2532515085
730	0.2532258311
731	0.2532134298
732	0.2531979542
733	0.2531846608
734	0.2531566827
735	0.2531416016
736	0.2531277552
737	0.2531036851
738	0.2530783247
739	0.2530649462
740	0.2530456079
741	0.2530275509
742	0.2530100752
743	0.2529954016
744	0.2529743655
745	0.2529544104
746	0.2529273778
747	0.2528899949
748	0.2528722586
749	0.2528460501
750	0.2528193667
751	0.2528087803
752	0.2527995682
753	0.252773015
754	0.2527581985
755	0.2527483385
756	0.2527269688
757	0.2527087051
758	0.2526892894
759	0.2526691881
760	0.2526502068
761	0.2526393
762	0.252623817
763	0.2526118383
764	0.2525847327
765	0.2525669854
766	0.2525507526
767	0.2525125368
768	0.2525008864
769	0.252487952
770	0.252464261
771	0.2524536478
772	0.252431967
773	0.2524234133
774	0.252400612
775	0.252389271
776	0.2523797112
777	0.2523693058
778	0.2523603275
779	0.2523482048
780	0.2523271566
781	0.2523046561
782	0.2522923503
783	0.252258774
784	0.2522502422
785	0.2522335276
786	0.2522218335
787	0.2522153084
788	0.2522014363
789	0.2521632915
790	0.2521459934
791	0.2521305981
792	0.252115114
793	0.2520970779
794	0.2520827459
795	0.2520698591
796	0.2520572721
797	0.2520414351
798	0.2520268917
799	0.2520102631
800	0.2519872753
801	0.2519718886
802	0.2519642723
803	0.251952515
804	0.2519332529
805	0.2519193175
806	0.2518876039
807	0.2518619211
808	0.2518436235
809	0.2518320241
810	0.251816064
811	0.2517855821
812	0.2517616505
813	0.2517404287
814	0.2517288809
815	0.2517149745
816	0.2516954126
817	0.2516805314
818	0.2516672111
819	0.251654003
820	0.2516472605
821	0.2516296461
822	0.2516158947
823	0.2515939535
824	0.2515816275
825	0.251553523
826	0.2515199094
827	0.2515007581
828	0.2514721773
829	0.2514559689
830	0.2514278788
831	0.2514051617
832	0.2513813861
833	0.2513572725
834	0.2513281098
835	0.251316557
836	0.2513052399
837	0.251292545
838	0.2512732011
839	0.2512554316
840	0.2512273044
841	0.2512115313
842	0.2511975409
843	0.2511790758
844	0.2511594465
845	0.251142319
846	0.2511128111
847	0.2510992499
848	0.2510880287
849	0.2510640469
850	0.2510376264
851	0.2510298056
852	0.2510123592
853	0.2510024862
854	0.250977702
855	0.2509652796
856	0.2509517459
857	0.2509218176
858	0.2509064767
859	0.2508863495
860	0.2508633761
861	0.2508425644
862	0.2508284228
863	0.2508066451
864	0.2507912271
865	0.2507751491
866	0.2507633929
867	0.2507507429
868	0.2507335494
869	0.2507214358
870	0.2507071522
871	0.2506882917
872	0.2506739008
873	0.2506536003
874	0.2506360238
875	0.2506124089
876	0.2505965388
877	0.2505820199
878	0.2505699347
879	0.2505463065
880	0.250536233
881	0.2505259193
882	0.2505049384
883	0.2504940379
884	0.2504676255
885	0.2504566845
886	0.2504447089
887	0.2504323064
888	0.2504201373
889	0.2504028906
890	0.2503860262
891	0.2503536042
892	0.2503349208
893	0.2503182698
894	0.2503033648
895	0.2502932017
896	0.250278324
897	0.250262915
898	0.2502439715
899	0.2502199586
900	0.2502003326
901	0.2501781758
902	0.250166288
903	0.250155258
904	0.2501367871
905	0.2501265138
906	0.2501157533
907	0.2500968179
908	0.2500688523
909	0.2500564217
910	0.2500387302
911	0.2500305521
912	0.2500173635
913	0.2500041795
914	0.2499943248
915	0.2499814292
916	0.2499687031
917	0.2499444986
918	0.2499250104
919	0.2499067928
920	0.2498885511
921	0.2498744433
922	0.2498542627
923	0.2498286961
924	0.2498080818
925	0.2497939528
926	0.2497761529
927	0.249755667
928	0.2497406379
929	0.249723865
930	0.249707762
931	0.2496919811
932	0.2496715418
933	0.2496586907
934	0.2496435504
935	0.2496218923
936	0.2496089931
937	0.2495941676
938	0.2495755825
939	0.2495596788
940	0.2495460982
941	0.2495327597
942	0.2495214699
943	0.2494974968
944	0.2494853458
945	0.2494741161
946	0.2494644916
947	0.2494505259
948	0.2494341462
949	0.2494179306
950	0.2494056477
951	0.2493934933
952	0.2493767858
953	0.2493648079
954	0.2493460048
955	0.2493338514
956	0.2493255409
957	0.24931455
958	0.2493003671
959	0.2492875562
960	0.2492604149
961	0.2492511409
962	0.2492390528
963	0.2492238337
964	0.2492099804
965	0.249192037
966	0.2491840376
967	0.2491580022
968	0.2491452783
969	0.2491297684
970	0.249113445
971	0.2490920615
972	0.2490805584
973	0.249063329
974	0.2490505827
975	0.249025733
976	0.2490106984
977	0.2489906353
978	0.2489753082
979	0.2489567087
980	0.2489431264
981	0.2489234953
982	0.2489098488
983	0.2488919275
984	0.248885483
985	0.2488692292
986	0.2488533864
987	0.2488363512
988	0.2488115166
989	0.2488064301
990	0.2487966435
991	0.2487835424
992	0.2487753088
993	0.2487632667
994	0.2487499703
995	0.2487388498
996	0.248717441
997	0.2486999775
998	0.2486872146
999	0.2486762381
1000	0.2486654997
1001	0.2486481932
1002	0.2486336317
1003	0.2486207797
1004	0.2486054888
1005	0.2485873829
1006	0.2485711436
1007	0.2485611872
1008	0.2485511697
1009	0.2485381597
1010	0.2485216234
1011	0.2485069459
1012	0.2484891677
1013	0.2484828314
1014	0.2484688161
1015	0.2484594071
1016	0.2484471567
1017	0.2484354418
1018	0.2484190368
1019	0.2484065534
1020	0.2483981527
1021	0.2483881252
1022	0.2483784144
1023	0.2483593804
1024	0.2483387049
1025	0.2483242207
1026	0.2483142694
1027	0.248290363
1028	0.2482757362
1029	0.2482609274
1030	0.2482513659
1031	0.2482403208
1032	0.2482227934
1033	0.2482070384
1034	0.2481870105
1035	0.2481735976
1036	0.2481586163
1037	0.2481477907
1038	0.2481325294
1039	0.2481216093
1040	0.2481102767
1041	0.2480964061
1042	0.2480855705
1043	0.2480697558
1044	0.2480603739
1045	0.2480471005
1046	0.2480342212
1047	0.2480184372
1048	0.2480063344
1049	0.2479986756
1050	0.2479907822
1051	0.247975162
1052	0.2479677783
1053	0.2479508378
1054	0.2479444089
1055	0.24793241
1056	0.2479142642
1057	0.2479006778
1058	0.2478865485
1059	0.2478719994
1060	0.2478628617
1061	0.2478557795
1062	0.2478409248
1063	0.2478352119
1064	0.2478234194
1065	0.2478138447
1066	0.2478015758
1067	0.2477892151
1068	0.2477797111
1069	0.2477700681
1070	0.247761033
1071	0.2477542475
1072	0.2477310239
1073	0.2477216824
1074	0.2477122811
1075	0.2477027964
1076	0.2476929589
1077	0.2476814376
1078	0.2476725103
1079	0.2476580395
1080	0.2476460361
1081	0.2476338781
1082	0.247624894
1083	0.2476161612
1084	0.2476094692
1085	0.2475977991
1086	0.2475832569
1087	0.2475670328
1088	0.2475533238
1089	0.2475349538
1090	0.2475188012
1091	0.2475072598
1092	0.2474928092
1093	0.2474779378
1094	0.2474677907
1095	0.2474573789
1096	0.2474466214
1097	0.2474329719
1098	0.2474237389
1099	0.2474127574
1100	0.2474059171
1101	0.2473929963
1102	0.2473765357
1103	0.2473649079
1104	0.247344469
1105	0.2473321314
1106	0.2473170794
1107	0.2473034024
1108	0.2472856322
1109	0.2472712408
1110	0.2472653711
1111	0.2472541864
1112	0.2472412633
1113	0.247226191
1114	0.2472101718
1115	0.2471966143
1116	0.2471840017
1117	0.2471637326
1118	0.2471515587
1119	0.2471448291
1120	0.2471307421
1121	0.2471220428
1122	0.2471082817
1123	0.2470982257
1124	0.2470875396
1125	0.2470782813
1126	0.247067847
1127	0.2470531013
1128	0.2470362501
1129	0.2470191386
1130	0.2469964616
1131	0.2469667949
1132	0.2469549348
1133	0.2469320166
1134	0.2469243758
1135	0.2469126089
1136	0.2468910599
1137	0.2468795385
1138	0.2468662416
1139	0.2468545538
1140	0.2468424842
1141	0.2468320918
1142	0.2468127421
1143	0.2468034676
1144	0.2467949714
1145	0.2467829614
1146	0.2467727531
1147	0.2467634728
1148	0.2467482466
1149	0.2467280687
1150	0.2467191276
1151	0.2467084169
1152	0.2466953499
1153	0.2466757806
1154	0.2466568685
1155	0.246647444
1156	0.2466378523
1157	0.2466232828
1158	0.2466078358
1159	0.2465920984
1160	0.2465839005
1161	0.2465673349
1162	0.2465546173
1163	0.2465422494
1164	0.2465263323
1165	0.2465142155
1166	0.2465046739
1167	0.2464930945
1168	0.2464830416
1169	0.2464652308
1170	0.2464531313
1171	0.2464330464
1172	0.2464214321
1173	0.2464055164
1174	0.2463906691
1175	0.2463787846
1176	0.2463656819
1177	0.2463553783
1178	0.2463469496
1179	0.2463389685
1180	0.2463329722
1181	0.2463170852
1182	0.2463032909
1183	0.2462957929
1184	0.2462825608
1185	0.2462709509
1186	0.2462661342
1187	0.2462543711
1188	0.2462456208
1189	0.246234436
1190	0.2462196648
1191	0.246205497
1192	0.2461970094
1193	0.2461907076
1194	0.2461839857
1195	0.2461764515
1196	0.246165179
1197	0.2461520191
1198	0.2461389098
1199	0.2461262196
1200	0.2461173136
1201	0.2461071889
1202	0.2460940137
1203	0.2460831821
1204	0.2460714536
1205	0.2460549457
1206	0.2460443048
1207	0.2460377835
1208	0.2460258411
1209	0.2460130126
1210	0.245997333
1211	0.245989402
1212	0.2459830569
1213	0.2459767614
1214	0.2459666284
1215	0.2459603684
1216	0.2459453668
1217	0.2459358537
1218	0.2459273414
1219	0.2459166554
1220	0.2459038324
1221	0.2458928937
1222	0.2458803841
1223	0.2458725914
1224	0.2458668789
1225	0.245858163
1226	0.2458508313
1227	0.2458436246
1228	0.2458299473
1229	0.2458153149
1230	0.2458020139
1231	0.2457954583
1232	0.2457848772
1233	0.2457671379
1234	0.2457542732
1235	0.2457482887
1236	0.2457433368
1237	0.2457358831
1238	0.2457231526
1239	0.2457162086
1240	0.245707266
1241	0.2456916763
1242	0.2456804502
1243	0.2456699527
1244	0.2456625932
1245	0.2456538831
1246	0.2456419265
1247	0.2456320015
1248	0.24562074
1249	0.245606369
1250	0.2455994301
1251	0.2455835317
1252	0.2455738149
1253	0.2455614442
1254	0.2455454598
1255	0.2455278352
1256	0.2455194876
1257	0.2455077925
1258	0.2454989347
1259	0.2454910762
1260	0.245479831
1261	0.2454661216
1262	0.2454490628
1263	0.2454368587
1264	0.2454240693
1265	0.2454174547
1266	0.2454062707
1267	0.2453937401
1268	0.2453852059
1269	0.2453741018
1270	0.2453603855
1271	0.2453512099
1272	0.2453342785
1273	0.245328394
1274	0.2453212617
1275	0.2453153413
1276	0.2453081133
1277	0.2452979407
1278	0.2452876238
1279	0.245274878
1280	0.2452655226
1281	0.2452505813
1282	0.2452360759
1283	0.2452265868
1284	0.2452155501
1285	0.2452024022
1286	0.2451906428
1287	0.2451831705
1288	0.2451729994
1289	0.2451612194
1290	0.2451515302
1291	0.2451447489
1292	0.2451397212
1293	0.2451267899
1294	0.245113159
1295	0.2451027482
1296	0.245086853
1297	0.2450743957
1298	0.2450677032
1299	0.245056355
1300	0.2450477087
1301	0.2450410432
1302	0.2450302966
1303	0.2450217843
1304	0.2450084551
1305	0.2449953017
1306	0.2449860888
1307	0.2449766141
1308	0.2449682636
1309	0.2449562634
1310	0.2449468295
1311	0.244936675
1312	0.2449290035
1313	0.2449194768
1314	0.2449097784
1315	0.2448990816
1316	0.2448838694
1317	0.2448789506
1318	0.2448705811
1319	0.2448556082
1320	0.2448430491
1321	0.2448283108
1322	0.2448189342
1323	0.2448098614
1324	0.2447990899
1325	0.2447871323
1326	0.2447775539
1327	0.2447715849
1328	0.2447594463
1329	0.2447532164
1330	0.2447381285
1331	0.244730718
1332	0.2447258624
1333	0.2447177099
1334	0.2447070861
1335	0.2446998454
1336	0.2446884599
1337	0.2446794047
1338	0.2446687396
1339	0.2446575735
1340	0.244643437
1341	0.2446388109
1342	0.2446190941
1343	0.2446112345
1344	0.244601611
1345	0.2445940314
1346	0.2445803776
1347	0.2445716084
1348	0.2445635725
1349	0.2445527262
1350	0.244542056
1351	0.2445366032
1352	0.2445219736
1353	0.2445114433
1354	0.2445004519
1355	0.244491043
1356	0.2444807056
1357	0.2444678405
1358	0.244455596
1359	0.2444490159
1360	0.2444369069
1361	0.2444288146
1362	0.2444223447
1363	0.2444120241
1364	0.2444029613
1365	0.2443934152
1366	0.2443827043
1367	0.2443735628
1368	0.2443603391
1369	0.244356111
1370	0.2443485295
1371	0.2443405996
1372	0.2443251472
1373	0.2443158407
1374	0.2443069391
1375	0.2442975715
1376	0.2442900812
1377	0.244270362
1378	0.2442573485
1379	0.2442471375
1380	0.2442366943
1381	0.2442297293
1382	0.244221421
1383	0.2442149051
1384	0.2442044637
1385	0.2441982402
1386	0.2441841168
1387	0.2441704708
1388	0.2441601217
1389	0.2441499653
1390	0.2441438347
1391	0.244131068
1392	0.2441225604
1393	0.2441159242
1394	0.2441018632
1395	0.2440913812
1396	0.2440811535
1397	0.244076544
1398	0.244065604
1399	0.2440560307
1400	0.2440463914
1401	0.2440420794
1402	0.2440375724
1403	0.2440312667
1404	0.2440128357
1405	0.2440032053
1406	0.2439946939
1407	0.243986666
1408	0.2439747155
1409	0.243963463
1410	0.2439523708
1411	0.2439428699
1412	0.2439373916
1413	0.2439234501
1414	0.2439165588
1415	0.2439054914
1416	0.2438995529
1417	0.2438889484
1418	0.243880776
1419	0.2438703365
1420	0.2438627081
1421	0.2438554669
1422	0.2438496804
1423	0.2438413961
1424	0.2438302966
1425	0.243823863
1426	0.2438071987
1427	0.2437973576
1428	0.2437873292
1429	0.2437765217
1430	0.2437680577
1431	0.243758988
1432	0.2437493683
1433	0.2437405781
1434	0.2437331616
1435	0.2437249933
1436	0.2437185752
1437	0.243703979
1438	0.2436949215
1439	0.2436886991
1440	0.2436819542
1441	0.2436764395
1442	0.2436713157
1443	0.2436643176
1444	0.2436552608
1445	0.2436386923
1446	0.2436260671
1447	0.2436210088
1448	0.243612581
1449	0.2436044791
1450	0.2435949857
1451	0.2435863623
1452	0.2435803806
1453	0.2435725771
1454	0.2435685878
1455	0.2435630577
1456	0.243557792
1457	0.2435498378
1458	0.2435421978
1459	0.2435343857
1460	0.243530909
1461	0.2435186978
1462	0.2434989492
1463	0.2434895552
1464	0.2434769374
1465	0.2434704752
1466	0.243463821
1467	0.2434457977
1468	0.2434374939
1469	0.2434345966
1470	0.2434295288
1471	0.2434197015
1472	0.2434157126
1473	0.2433999102
1474	0.2433902927
1475	0.2433822529
1476	0.2433736558
1477	0.2433655899
1478	0.2433586723
1479	0.2433466896
1480	0.2433348115
1481	0.2433278558
1482	0.2433207859
1483	0.2433116701
1484	0.2433049264
1485	0.2432912021
1486	0.2432839273
1487	0.2432781519
1488	0.243270762
1489	0.2432577452
1490	0.2432517316
1491	0.2432368321
1492	0.2432273201
1493	0.2432162066
1494	0.2432082881
1495	0.2431995522
1496	0.2431880121
1497	0.2431776345
1498	0.2431586711
1499	0.2431452085
1500	0.2431364723
1501	0.2431284744
1502	0.2431140793
1503	0.2431053929
1504	0.2430914656
1505	0.2430853688
1506	0.2430754803
1507	0.2430628686
1508	0.2430528612
1509	0.2430453912
1510	0.2430399236
1511	0.2430276642
1512	0.2430133746
1513	0.243006889
1514	0.2429987686
1515	0.242991053
1516	0.242981996
1517	0.2429727868
1518	0.2429613626
1519	0.2429516544
1520	0.2429417701
1521	0.2429319492
1522	0.242924846
1523	0.242915074
1524	0.2429087988
1525	0.2429013025
1526	0.2428944312
1527	0.2428886181
1528	0.2428851448
1529	0.2428765587
1530	0.242868252
1531	0.2428539
1532	0.2428501828
1533	0.2428426758
1534	0.242833573
1535	0.2428277015
1536	0.2428210426
1537	0.2428157298
1538	0.2428107061
1539	0.2428078303
1540	0.2428003796
1541	0.2427844186
1542	0.242775945
1543	0.2427680681
1544	0.2427651192
1545	0.242757643
1546	0.2427532934
1547	0.2427463678
1548	0.2427378853
1549	0.2427271445
1550	0.2427198766
1551	0.2427125986
1552	0.2427005978
1553	0.2426875281
1554	0.2426760645
1555	0.2426691935
1556	0.2426595717
1557	0.2426527851
1558	0.2426435571
1559	0.2426372618
1560	0.2426287685
1561	0.2426197147
1562	0.2426052046
1563	0.242595048
1564	0.2425826472
1565	0.2425745395
1566	0.2425678434
1567	0.2425570474
1568	0.2425495567
1569	0.242536649
1570	0.2425294877
1571	0.2425227359
1572	0.2425175733
1573	0.2425040598
1574	0.242496349
1575	0.2424887302
1576	0.2424784196
1577	0.2424735054
1578	0.2424600894
1579	0.2424512223
1580	0.242442123
1581	0.2424344538
1582	0.2424185164
1583	0.2424113815
1584	0.2424021583
1585	0.242395232
1586	0.2423880665
1587	0.2423801078
1588	0.2423738013
1589	0.2423622031
1590	0.24235635
1591	0.2423498146
1592	0.2423407964
1593	0.2423320566
1594	0.2423182444
1595	0.2423122885
1596	0.2423037145
1597	0.2422912097
1598	0.2422792
1599	0.2422720111
1600	0.2422630382
1601	0.2422560137
1602	0.2422446447
1603	0.242232472
1604	0.2422227418
1605	0.2422156475
1606	0.2422103767
1607	0.2422054663
1608	0.2421981225
1609	0.2421948965
1610	0.242188574
1611	0.2421734084
1612	0.2421678354
1613	0.2421572044
1614	0.2421486342
1615	0.2421407101
1616	0.2421353994
1617	0.2421300086
1618	0.2421197944
1619	0.2421039719
1620	0.2420935514
1621	0.2420865572
1622	0.2420739293
1623	0.242065433
1624	0.2420568691
1625	0.2420426357
1626	0.2420353428
1627	0.2420271024
1628	0.2420222198
1629	0.2420119979
1630	0.2420001626
1631	0.2419883038
1632	0.2419734583
1633	0.2419633436
1634	0.2419566626
1635	0.2419512761
1636	0.2419455224
1637	0.2419315359
1638	0.2419218234
1639	0.2419136012
1640	0.2419077432
1641	0.2419007422
1642	0.2418920044
1643	0.2418856994
1644	0.2418762647
1645	0.2418678436
1646	0.2418607823
1647	0.2418533619
1648	0.2418423419
1649	0.2418315805
1650	0.2418268517
1651	0.2418219167
1652	0.2418141132
1653	0.2418067128
1654	0.2418008056
1655	0.2417922759
1656	0.2417857482
1657	0.2417752943
1658	0.2417693417
1659	0.2417619104
1660	0.2417517319
1661	0.2417427
1662	0.2417361578
1663	0.2417291551
1664	0.2417223303
1665	0.2417166559
1666	0.2417078884
1667	0.2416997747
1668	0.2416941271
1669	0.2416929118
1670	0.2416813568
1671	0.2416751192
1672	0.2416633447
1673	0.2416600788
1674	0.2416539302
1675	0.2416467423
1676	0.2416400273
1677	0.2416313859
1678	0.2416238873
1679	0.2416160356
1680	0.2416118001
1681	0.2416032683
1682	0.2415958599
1683	0.2415885241
1684	0.2415819824
1685	0.241571834
1686	0.2415645333
1687	0.2415540819
1688	0.2415328687
1689	0.2415223217
1690	0.2415121798
1691	0.241500857
1692	0.2414989337
1693	0.2414925865
1694	0.2414867996
1695	0.2414804752
1696	0.2414702738
1697	0.2414640077
1698	0.2414573055
1699	0.241450668
1700	0.2414421895
1701	0.2414372317
1702	0.2414242662
1703	0.2414192378
1704	0.2414076446
1705	0.2413952379
1706	0.241390121
1707	0.2413851013
1708	0.2413738784
1709	0.2413647833
1710	0.2413532855
1711	0.2413497258
1712	0.2413413402
1713	0.2413315049
1714	0.2413223793
1715	0.2413140214
1716	0.2413079726
1717	0.241298344
1718	0.2412914028
1719	0.2412855787
1720	0.2412767774
1721	0.2412670007
1722	0.2412565825
1723	0.2412495601
1724	0.2412387305
1725	0.2412331386
1726	0.241225908
1727	0.241214141
1728	0.2412070875
1729	0.241198937
1730	0.2411848719
1731	0.241179822
1732	0.2411714852
1733	0.2411649129
1734	0.241155245
1735	0.2411472778
1736	0.241140485
1737	0.241136565
1738	0.2411299505
1739	0.2411235453
1740	0.2411132305
1741	0.2411049856
1742	0.2410969135
1743	0.2410939165
1744	0.2410861709
1745	0.2410804841
1746	0.2410707127
1747	0.24105795
1748	0.2410521608
1749	0.2410482048
1750	0.2410373828
1751	0.24102908
1752	0.2410168166
1753	0.24100964
1754	0.2410057133
1755	0.2409950601
1756	0.2409864536
1757	0.2409807062
1758	0.2409721072
1759	0.2409600491
1760	0.2409487445
1761	0.240937993
1762	0.240931683
1763	0.2409208147
1764	0.2409135888
1765	0.2409009861
1766	0.2408923933
1767	0.2408870565
1768	0.2408807194
1769	0.2408722992
1770	0.2408631659
1771	0.240858409
1772	0.2408522732
1773	0.2408488783
1774	0.2408434922
1775	0.2408311513
1776	0.2408204188
1777	0.2408116062
1778	0.2408026492
1779	0.2407947164
1780	0.2407847327
1781	0.2407729989
1782	0.2407676094
1783	0.2407592275
1784	0.2407530851
1785	0.2407477201
1786	0.2407387268
1787	0.2407319783
1788	0.2407265284
1789	0.2407192635
1790	0.2407103422
1791	0.2406989942
1792	0.2406930226
1793	0.2406834744
1794	0.2406740264
1795	0.2406672507
1796	0.2406579873
1797	0.2406520395
1798	0.2406451313
1799	0.2406388839
1800	0.2406286499
1801	0.2406231256
1802	0.2406152318
1803	0.2406127853
1804	0.240602385
1805	0.240595432
1806	0.2405837758
1807	0.2405793884
1808	0.2405731343
1809	0.2405656939
1810	0.2405552556
1811	0.2405480008
1812	0.2405380841
1813	0.2405270182
1814	0.240517077
1815	0.2405068806
1816	0.2404979146
1817	0.2404876625
1818	0.2404785452
1819	0.2404669504
1820	0.2404645081
1821	0.2404541639
1822	0.2404439179
1823	0.2404319578
1824	0.2404221549
1825	0.2404134363
1826	0.2404043764
1827	0.2403952456
1828	0.2403890847
1829	0.2403830796
1830	0.2403758286
1831	0.2403690136
1832	0.2403616236
1833	0.2403544178
1834	0.2403359576
1835	0.2403293278
1836	0.2403184805
1837	0.2403126209
1838	0.2403034229
1839	0.240295841
1840	0.2402915303
1841	0.2402837528
1842	0.2402738947
1843	0.240263286
1844	0.240257784
1845	0.2402439629
1846	0.2402350304
1847	0.2402305137
1848	0.2402188021
1849	0.2402119938
1850	0.2402004665
1851	0.2401860822
1852	0.2401774061
1853	0.2401709111
1854	0.2401610926
1855	0.2401561453
1856	0.2401442571
1857	0.2401382294
1858	0.2401293851
1859	0.2401239181
1860	0.2401159276
1861	0.240109852
1862	0.2401030672
1863	0.240096384
1864	0.2400867492
1865	0.2400809813
1866	0.2400758297
1867	0.240069823
1868	0.2400612443
1869	0.2400526985
1870	0.2400455818
1871	0.2400409916
1872	0.2400317631
1873	0.2400251601
1874	0.2400145836
1875	0.240008109
1876	0.2400015652
1877	0.2399924547
1878	0.2399829682
1879	0.2399782147
1880	0.2399716872
1881	0.239965866
1882	0.2399555633
1883	0.2399501325
1884	0.2399442486
1885	0.2399342591
1886	0.2399234578
1887	0.2399169182
1888	0.239898678
1889	0.2398924376
1890	0.23988219
1891	0.2398761848
1892	0.239869553
1893	0.2398602025
1894	0.2398508941
1895	0.2398423145
1896	0.2398350835
1897	0.2398290631
1898	0.2398216667
1899	0.2398144655
1900	0.2398082194
1901	0.239803076
1902	0.2397949373
1903	0.2397882811
1904	0.2397832276
1905	0.2397774882
1906	0.2397723106
1907	0.2397673064
1908	0.2397540483
1909	0.2397478775
1910	0.239742453
1911	0.2397312159
1912	0.2397230253
1913	0.2397178262
1914	0.239705984
1915	0.2396978197
1916	0.2396863225
1917	0.2396749683
1918	0.2396684964
1919	0.2396625815
1920	0.2396575207
1921	0.23965408
1922	0.2396462808
1923	0.2396428367
1924	0.2396331188
1925	0.2396237354
1926	0.2396152858
1927	0.2396071045
1928	0.2396047772
1929	0.2395981317
1930	0.2395881409
1931	0.239582639
1932	0.2395771425
1933	0.23957101
1934	0.2395578921
1935	0.2395469468
1936	0.2395419131
1937	0.239534975
1938	0.2395318702
1939	0.2395266289
1940	0.2395192183
1941	0.2395166016
1942	0.2395123107
1943	0.2395066879
1944	0.2395032925
1945	0.2394985329
1946	0.2394891046
1947	0.2394813605
1948	0.2394723045
1949	0.2394634726
1950	0.239459695
1951	0.2394527305
1952	0.2394489984
1953	0.2394394356
1954	0.2394337282
1955	0.2394240873
1956	0.2394157342
1957	0.2394091284
1958	0.2393993052
1959	0.2393921566
1960	0.2393789836
1961	0.2393742389
1962	0.2393687995
1963	0.2393627846
1964	0.2393579033
1965	0.2393503673
1966	0.2393419258
1967	0.2393335419
1968	0.23932796
1969	0.2393195108
1970	0.2393138444
1971	0.239304747
1972	0.2393006785
1973	0.2392927126
1974	0.2392857928
1975	0.2392757174
1976	0.2392647422
1977	0.2392613233
1978	0.2392537358
1979	0.2392405387
1980	0.2392334725
1981	0.2392209177
1982	0.2392139968
1983	0.2392107589
1984	0.2392025571
1985	0.2391932497
1986	0.2391886675
1987	0.2391826997
1988	0.2391732831
1989	0.2391645527
1990	0.239157721
1991	0.2391508687
1992	0.2391418454
1993	0.239132562
1994	0.239126056
1995	0.2391193489
1996	0.2391128974
1997	0.2391082498
1998	0.2391016576
1999	0.2390963573
2000	0.2390879234
2001	0.2390789897
2002	0.2390737901
2003	0.2390667031
2004	0.2390603988
2005	0.2390588084
2006	0.2390502055
2007	0.2390421717
2008	0.2390365603
2009	0.2390314058
2010	0.2390251233
2011	0.2390190336
2012	0.2390100893
2013	0.2390021007
2014	0.2389948696
2015	0.2389913119
2016	0.2389807669
2017	0.2389763714
2018	0.2389705978
2019	0.2389611451
2020	0.238953467
2021	0.2389460976
2022	0.2389387211
2023	0.2389338428
2024	0.2389264397
2025	0.2389233142
2026	0.2389159185
2027	0.2389077212
2028	0.2389007662
2029	0.2388935234
2030	0.2388829445
2031	0.2388751763
2032	0.2388674038
2033	0.2388614931
2034	0.2388524115
2035	0.238845838
2036	0.2388397128
2037	0.2388336431
2038	0.2388212296
2039	0.2388155296
2040	0.2388063614
2041	0.2387962143
2042	0.2387907347
2043	0.2387830725
2044	0.2387747795
2045	0.2387685045
2046	0.238758124
2047	0.238754654
2048	0.2387460038
2049	0.2387438075
2050	0.238736935
2051	0.2387297216
2052	0.2387218872
2053	0.2387196846
2054	0.2387140799
2055	0.2387059915
2056	0.2387011041
2057	0.2386910082
2058	0.2386803992
2059	0.2386680148
2060	0.2386610373
2061	0.2386490907
2062	0.2386412488
2063	0.2386373867
2064	0.2386254739
2065	0.2386169283
2066	0.2386089679
2067	0.2386028502
2068	0.2385927363
2069	0.2385875668
2070	0.2385785765
2071	0.2385700916
2072	0.2385648412
2073	0.2385563968
2074	0.2385541448
2075	0.2385450984
2076	0.2385376908
2077	0.2385290918
2078	0.2385239002
2079	0.2385184425
2080	0.2385126567
2081	0.2385058566
2082	0.2385022019
2083	0.2384981527
2084	0.2384893423
2085	0.2384796252
2086	0.2384715466
2087	0.2384659933
2088	0.2384591671
2089	0.2384520885
2090	0.2384456446
2091	0.2384394206
2092	0.2384318957
2093	0.238425357
2094	0.2384129171
2095	0.2384058281
2096	0.2383973733
2097	0.238391459
2098	0.2383827905
2099	0.2383768874
2100	0.2383668244
2101	0.2383628565
2102	0.2383536178
2103	0.2383513145
2104	0.2383426915
2105	0.2383345337
2106	0.2383282996
2107	0.2383214322
2108	0.2383160074
2109	0.2383098137
2110	0.2383009444
2111	0.238293025
2112	0.2382863337
2113	0.2382794669
2114	0.2382718509
2115	0.2382606759
2116	0.2382571991
2117	0.2382536378
2118	0.2382449774
2119	0.2382373713
2120	0.238230908
2121	0.2382282528
2122	0.2382187416
2123	0.2382134106
2124	0.238207467
2125	0.238202659
2126	0.238194299
2127	0.2381857828
2128	0.2381761628
2129	0.2381734445
2130	0.2381666559
2131	0.2381608211
2132	0.2381565377
2133	0.2381502267
2134	0.2381428095
2135	0.238134354
2136	0.238129972
2137	0.2381195761
2138	0.2381158032
2139	0.2381106352
2140	0.2381019647
2141	0.2380947055
2142	0.2380859704
2143	0.2380769964
2144	0.2380706892
2145	0.2380642495
2146	0.2380546222
2147	0.2380461679
2148	0.2380408182
2149	0.2380348613
2150	0.2380253471
2151	0.2380158766
2152	0.2380065386
2153	0.2379981855
2154	0.2379885146
2155	0.237981864
2156	0.2379757014
2157	0.2379627005
2158	0.2379563036
2159	0.2379474324
2160	0.2379393098
2161	0.2379342196
2162	0.2379302742
2163	0.2379216729
2164	0.2379135762
2165	0.2379103864
2166	0.2379026916
2167	0.2378940785
2168	0.2378850875
2169	0.2378766212
2170	0.2378680468
2171	0.2378601087
2172	0.2378507127
2173	0.2378453813
2174	0.2378371382
2175	0.2378289922
2176	0.2378215411
2177	0.2378106258
2178	0.2378040832
2179	0.2377973385
2180	0.2377930641
2181	0.2377835795
2182	0.2377798074
2183	0.2377715694
2184	0.2377660758
2185	0.237760261
2186	0.2377537321
2187	0.2377488947
2188	0.2377416541
2189	0.2377355568
2190	0.237722458
2191	0.2377105061
2192	0.2377010158
2193	0.2376936147
2194	0.2376861473
2195	0.2376792773
2196	0.2376696094
2197	0.2376636108
2198	0.2376586657
2199	0.2376502353
2200	0.2376454155
2201	0.2376381722
2202	0.2376305506
2203	0.2376234617
2204	0.2376172329
2205	0.2376120954
2206	0.2376037837
2207	0.2375993563
2208	0.2375942961
2209	0.2375883223
2210	0.2375829883
2211	0.2375790555
2212	0.2375746533
2213	0.2375672109
2214	0.2375606644
2215	0.2375562055
2216	0.2375435416
2217	0.2375409233
2218	0.237534451
2219	0.2375277148
2220	0.2375220054
2221	0.2375162886
2222	0.2375083669
2223	0.237503039
2224	0.237496647
2225	0.2374911416
2226	0.2374837418
2227	0.2374789869
2228	0.23747512
2229	0.2374670181
2230	0.2374593549
2231	0.2374545
2232	0.2374487716
2233	0.2374417616
2234	0.2374356246
2235	0.237428716
2236	0.2374235606
2237	0.2374192957
2238	0.2374159048
2239	0.237412836
2240	0.2374052282
2241	0.2373990459
2242	0.2373920434
2243	0.2373845977
2244	0.2373743033
2245	0.237365898
2246	0.2373588981
2247	0.2373516951
2248	0.2373459887
2249	0.2373371354
2250	0.2373295756
2251	0.2373206513
2252	0.2373118718
2253	0.2373060318
2254	0.2372949727
2255	0.2372862156
2256	0.2372801011
2257	0.2372727391
2258	0.2372632671
2259	0.2372588149
2260	0.2372539642
2261	0.2372507457
2262	0.2372381178
2263	0.2372317663
2264	0.2372251759
2265	0.2372226458
2266	0.2372107331
2267	0.2372038353
2268	0.2372001789
2269	0.2371917368
2270	0.2371877159
2271	0.2371811006
2272	0.2371775547
2273	0.2371704063
2274	0.237161715
2275	0.2371543447
2276	0.2371466316
2277	0.2371369551
2278	0.2371324823
2279	0.2371291615
2280	0.2371229237
2281	0.2371176825
2282	0.2371096275
2283	0.2371028221
2284	0.237097656
2285	0.237090289
2286	0.2370831421
2287	0.2370803052
2288	0.2370725689
2289	0.2370674174
2290	0.2370590063
2291	0.2370552683
2292	0.2370513682
2293	0.2370392557
2294	0.2370344418
2295	0.2370308228
2296	0.2370231208
2297	0.2370158376
2298	0.2370115161
2299	0.2370044588
2300	0.2369919769
2301	0.2369853333
2302	0.2369796334
2303	0.2369726027
2304	0.2369654476
2305	0.2369582837
2306	0.236950015
2307	0.2369430197
2308	0.2369361085
2309	0.2369275546
2310	0.2369215755
2311	0.2369135905
2312	0.236899352
2313	0.2368911755
2314	0.2368812024
2315	0.2368753114
2316	0.2368651876
2317	0.2368597471
2318	0.2368446225
2319	0.2368421632
2320	0.2368293993
2321	0.2368232698
2322	0.2368142033
2323	0.236808253
2324	0.236805523
2325	0.236801925
2326	0.2367943155
2327	0.2367904736
2328	0.2367865222
2329	0.2367792023
2330	0.2367740032
2331	0.2367648321
2332	0.236757445
2333	0.2367509931
2334	0.2367429566
2335	0.2367386122
2336	0.2367310337
2337	0.2367258359
2338	0.236717004
2339	0.236712097
2340	0.2367091186
2341	0.2367033645
2342	0.2366971822
2343	0.2366957841
2344	0.2366886168
2345	0.2366854799
2346	0.2366808869
2347	0.2366723654
2348	0.2366658466
2349	0.2366614237
2350	0.2366589401
2351	0.2366538548
2352	0.2366415172
2353	0.236635402
2354	0.2366274438
2355	0.2366195427
2356	0.236612171
2357	0.2366040534
2358	0.2365957464
2359	0.2365861969
2360	0.2365774671
2361	0.2365710069
2362	0.2365638575
2363	0.2365537921
2364	0.2365471941
2365	0.2365416638
2366	0.2365343945
2367	0.2365306436
2368	0.2365237047
2369	0.2365175702
2370	0.236513592
2371	0.2365073249
2372	0.2364991856
2373	0.2364941983
2374	0.2364859967
2375	0.2364747862
2376	0.2364696394
2377	0.2364647948
2378	0.2364591508
2379	0.2364523164
2380	0.2364472961
2381	0.2364365417
2382	0.2364280564
2383	0.2364225121
2384	0.236410768
2385	0.2363990317
2386	0.2363865756
2387	0.2363783976
2388	0.2363701113
2389	0.2363646583
2390	0.23635662
2391	0.2363484145
2392	0.2363431851
2393	0.2363385879
2394	0.2363312945
2395	0.2363244292
2396	0.2363189039
2397	0.2363135957
2398	0.2363082224
2399	0.236301162
2400	0.2362945268
2401	0.2362913347
2402	0.2362835648
2403	0.2362758457
2404	0.2362696262
2405	0.2362653061
2406	0.2362567431
2407	0.2362463798
2408	0.2362320131
2409	0.2362266482
2410	0.2362170919
2411	0.2362107967
2412	0.2362055185
2413	0.2361972779
2414	0.2361858593
2415	0.2361794884
2416	0.2361743561
2417	0.2361719895
2418	0.2361602949
2419	0.2361549789
2420	0.2361506939
2421	0.2361445208
2422	0.2361357929
2423	0.2361245057
2424	0.2361165972
2425	0.2361088693
2426	0.2361017021
2427	0.2360997973
2428	0.2360954133
2429	0.2360887917
2430	0.2360852492
2431	0.2360741974
2432	0.2360670908
2433	0.2360564385
2434	0.236052537
2435	0.2360450679
2436	0.2360382095
2437	0.2360286337
2438	0.2360208155
2439	0.2360151807
2440	0.2360101748
2441	0.2360008852
2442	0.2359960059
2443	0.2359922123
2444	0.2359851115
2445	0.2359781329
2446	0.2359760565
2447	0.2359722975
2448	0.2359637737
2449	0.2359548712
2450	0.235942234
2451	0.2359370865
2452	0.2359303048
2453	0.2359215316
2454	0.2359165118
2455	0.2359117255
2456	0.235906682
2457	0.2358960284
2458	0.2358849175
2459	0.2358767095
2460	0.2358700209
2461	0.2358658371
2462	0.2358514858
2463	0.2358428807
2464	0.2358377588
2465	0.2358346124
2466	0.2358289518
2467	0.2358178785
2468	0.2358090036
2469	0.2358036906
2470	0.2357950771
2471	0.2357925218
2472	0.2357823765
2473	0.23577636
2474	0.2357751193
2475	0.2357671243
2476	0.2357639507
2477	0.2357560681
2478	0.2357501477
2479	0.2357434938
2480	0.2357378777
2481	0.2357305718
2482	0.2357240382
2483	0.2357175071
2484	0.2357086862
2485	0.2357035663
2486	0.235697399
2487	0.2356870765
2488	0.2356786925
2489	0.2356682293
2490	0.2356631098
2491	0.2356555964
2492	0.2356506276
2493	0.2356469951
2494	0.235643788
2495	0.2356374446
2496	0.2356280108
2497	0.2356187415
2498	0.2356103203
2499	0.2356024151
2500	0.2355951416
2501	0.235589746
2502	0.2355851997
2503	0.2355777269
2504	0.2355738032
2505	0.235562506
2506	0.2355586671
2507	0.2355517152
2508	0.2355456389
2509	0.2355404846
2510	0.2355289156
2511	0.2355210212
2512	0.235519616
2513	0.23551146
2514	0.2354992941
2515	0.2354885283
2516	0.2354793043
2517	0.235474218
2518	0.2354675483
2519	0.2354611591
2520	0.2354561765
2521	0.23545093
2522	0.2354424295
2523	0.2354326284
2524	0.235427339
2525	0.2354201554
2526	0.2354158392
2527	0.2354061949
2528	0.2354007249
2529	0.235395009
2530	0.2353891097
2531	0.2353771266
2532	0.2353684213
2533	0.2353626808
2534	0.2353526899
2535	0.2353396357
2536	0.2353338939
2537	0.2353269002
2538	0.2353216014
2539	0.2353161457
2540	0.2353121665
2541	0.2353066904
2542	0.2352989653
2543	0.2352918768
2544	0.2352829427
2545	0.2352703886
2546	0.2352657174
2547	0.2352573694
2548	0.2352508121
2549	0.2352427534
2550	0.2352385673
2551	0.2352307036
2552	0.2352229776
2553	0.235218094
2554	0.2352104854
2555	0.2352050004
2556	0.2351972463
2557	0.2351896274
2558	0.2351854103
2559	0.2351776929
2560	0.2351744611
2561	0.2351726092
2562	0.235167575
2563	0.2351653009
2564	0.2351620055
2565	0.2351575905
2566	0.2351474608
2567	0.2351429452
2568	0.2351367126
2569	0.2351330411
2570	0.2351299641
2571	0.2351212273
2572	0.2351158704
2573	0.2351074438
2574	0.2351030707
2575	0.2350962203
2576	0.2350884795
2577	0.235082562
2578	0.2350783819
2579	0.2350734108
2580	0.2350695234
2581	0.2350641908
2582	0.2350582151
2583	0.2350508173
2584	0.2350449094
2585	0.2350370605
2586	0.2350263385
2587	0.2350223212
2588	0.23501923
2589	0.2350178636
2590	0.2350104348
2591	0.2350005107
2592	0.2349970907
2593	0.2349852786
2594	0.2349822352
2595	0.2349773715
2596	0.234971496
2597	0.2349667656
2598	0.2349614462
2599	0.2349535232
2600	0.2349491168
2601	0.2349420882
2602	0.2349363835
2603	0.234928508
2604	0.2349251696
2605	0.2349188893
2606	0.2349122607
2607	0.2349035063
2608	0.2348950088
2609	0.2348866601
2610	0.2348784305
2611	0.2348744121
2612	0.2348697221
2613	0.2348663851
2614	0.2348586509
2615	0.2348528044
2616	0.2348473924
2617	0.2348416051
2618	0.2348360591
2619	0.2348290337
2620	0.2348213325
2621	0.2348174104
2622	0.2348116747
2623	0.2348036622
2624	0.2348010099
2625	0.2347933848
2626	0.2347898706
2627	0.2347843025
2628	0.2347760448
2629	0.2347706272
2630	0.2347652571
2631	0.2347601317
2632	0.2347504264
2633	0.2347423449
2634	0.2347368269
2635	0.2347291098
2636	0.234722049
2637	0.23471705
2638	0.2347095549
2639	0.234701941
2640	0.2346932979
2641	0.2346881701
2642	0.2346782363
2643	0.2346667933
2644	0.2346590977
2645	0.2346522316
2646	0.2346490036
2647	0.2346418924
2648	0.2346381049
2649	0.234631771
2650	0.2346264364
2651	0.2346211719
2652	0.2346184725
2653	0.2346153552
2654	0.2346129635
2655	0.2346063921
2656	0.2345999406
2657	0.2345967062
2658	0.2345877297
2659	0.2345825526
2660	0.2345779163
2661	0.2345714039
2662	0.2345667117
2663	0.2345603623
2664	0.2345553564
2665	0.2345494755
2666	0.2345455273
2667	0.2345416564
2668	0.2345327926
2669	0.2345309867
2670	0.2345241933
2671	0.23451966
2672	0.2345134383
2673	0.2345054635
2674	0.2345012027
2675	0.2344941121
2676	0.234490747
2677	0.2344894494
2678	0.2344846085
2679	0.2344778346
2680	0.2344669289
2681	0.2344554622
2682	0.2344510105
2683	0.2344424713
2684	0.2344345407
2685	0.2344309699
2686	0.2344238518
2687	0.2344202144
2688	0.2344137262
2689	0.2344062634
2690	0.2344024439
2691	0.234393465
2692	0.2343861102
2693	0.2343764435
2694	0.2343687057
2695	0.2343662474
2696	0.2343587372
2697	0.2343543489
2698	0.2343481058
2699	0.2343439773
2700	0.2343396062
2701	0.2343321435
2702	0.2343265044
2703	0.2343179962
2704	0.2343070482
2705	0.2342983406
2706	0.2342930569
2707	0.2342890307
2708	0.2342840926
2709	0.2342755306
2710	0.2342684193
2711	0.2342619366
2712	0.2342571176
2713	0.2342504767
2714	0.2342441322
2715	0.2342368551
2716	0.2342343441
2717	0.2342271496
2718	0.2342205539
2719	0.2342129427
2720	0.23420983
2721	0.2342005355
2722	0.2341950768
2723	0.234189466
2724	0.2341843912
2725	0.2341765328
2726	0.2341679362
2727	0.2341596205
2728	0.2341493392
2729	0.2341378325
2730	0.2341319006
2731	0.234129463
2732	0.2341213174
2733	0.2341146697
2734	0.2341102597
2735	0.2341004835
2736	0.2340970113
2737	0.2340901173
2738	0.2340870179
2739	0.2340808964
2740	0.2340758106
2741	0.2340698021
2742	0.234062588
2743	0.2340584106
2744	0.2340483204
2745	0.2340416787
2746	0.2340371171
2747	0.2340292718
2748	0.2340203238
2749	0.2340120553
2750	0.2340043929
2751	0.2340004012
2752	0.233992839
2753	0.2339859008
2754	0.233982081
2755	0.2339780986
2756	0.2339715233
2757	0.2339629588
2758	0.2339574794
2759	0.2339540586
2760	0.2339477324
2761	0.2339439446
2762	0.2339404976
2763	0.2339345153
2764	0.2339245272
2765	0.2339173718
2766	0.2339099064
2767	0.2339046571
2768	0.2338973779
2769	0.2338881133
2770	0.2338803131
2771	0.2338721129
2772	0.2338640701
2773	0.2338535378
2774	0.2338491625
2775	0.2338417666
2776	0.2338327237
2777	0.2338267987
2778	0.2338204226
2779	0.2338184844
2780	0.2338142349
2781	0.2338039757
2782	0.2337957715
2783	0.2337864932
2784	0.2337814078
2785	0.2337782949
2786	0.2337711352
2787	0.2337645017
2788	0.2337548759
2789	0.2337477549
2790	0.2337420516
2791	0.2337391011
2792	0.2337346121
2793	0.2337307559
2794	0.2337240023
2795	0.2337195706
2796	0.2337095228
2797	0.2337041727
2798	0.2336994626
2799	0.2336916523
2800	0.2336862153
2801	0.233680325
2802	0.2336756698
2803	0.2336687197
2804	0.2336629297
2805	0.2336583502
2806	0.2336537133
2807	0.2336425848
2808	0.2336357547
2809	0.2336319863
2810	0.2336258462
2811	0.2336202297
2812	0.2336136378
2813	0.2336096165
2814	0.2335992668
2815	0.2335932771
2816	0.2335871131
2817	0.2335843403
2818	0.2335785801
2819	0.2335727066
2820	0.2335653245
2821	0.2335601093
2822	0.2335567578
2823	0.2335518949
2824	0.2335447142
2825	0.2335396849
2826	0.2335360784
2827	0.2335308122
2828	0.2335173886
2829	0.2335095109
2830	0.2335034461
2831	0.2334996371
2832	0.233492835
2833	0.2334879413
2834	0.233483566
2835	0.2334745955
2836	0.233471136
2837	0.2334630213
2838	0.2334543542
2839	0.2334496742
2840	0.2334452884
2841	0.2334428645
2842	0.2334408468
2843	0.2334351863
2844	0.2334329048
2845	0.2334263249
2846	0.2334216044
2847	0.2334186031
2848	0.2334143265
2849	0.2334104027
2850	0.2334058607
2851	0.2333991503
2852	0.2333920442
2853	0.2333880282
2854	0.2333841063
2855	0.2333776072
2856	0.2333728023
2857	0.2333672648
2858	0.2333610013
2859	0.2333582333
2860	0.2333535436
2861	0.2333498654
2862	0.2333429729
2863	0.2333364672
2864	0.2333315149
2865	0.2333261577
2866	0.2333210787
2867	0.2333147318
2868	0.2333082962
2869	0.2332993254
2870	0.233293797
2871	0.2332887654
2872	0.233282151
2873	0.2332772336
2874	0.2332703651
2875	0.233263786
2876	0.2332597159
2877	0.2332529643
2878	0.2332474676
2879	0.2332430256
2880	0.233236167
2881	0.2332329932
2882	0.2332251915
2883	0.233219533
2884	0.2332173148
2885	0.2332069154
2886	0.2332022714
2887	0.2331932019
2888	0.2331890044
2889	0.2331825839
2890	0.2331775677
2891	0.2331733294
2892	0.2331706396
2893	0.2331661012
2894	0.233161491
2895	0.2331565018
2896	0.2331511023
2897	0.2331446215
2898	0.2331380585
2899	0.233129249
2900	0.2331220522
2901	0.2331183166
2902	0.2331108244
2903	0.2331005438
2904	0.2330927141
2905	0.23308965
2906	0.2330858501
2907	0.2330814172
2908	0.2330764452
2909	0.2330727787
2910	0.2330668296
2911	0.2330604473
2912	0.2330542184
2913	0.2330466837
2914	0.2330397704
2915	0.2330326257
2916	0.2330311473
2917	0.2330255782
2918	0.2330210926
2919	0.2330166655
2920	0.233012646
2921	0.2330053137
2922	0.2329978648
2923	0.232995352
2924	0.2329899265
2925	0.2329828097
2926	0.2329766564
2927	0.2329696925
2928	0.2329645739
2929	0.2329613812
2930	0.2329565118
2931	0.2329515424
2932	0.2329436451
2933	0.2329363722
2934	0.232932734
2935	0.2329289721
2936	0.23292254
2937	0.2329146084
2938	0.2329062408
2939	0.232901789
2940	0.2328968119
2941	0.2328897755
2942	0.2328825044
2943	0.23287892
2944	0.2328753742
2945	0.232870454
2946	0.2328624142
2947	0.2328500056
2948	0.2328420551
2949	0.2328347771
2950	0.2328280245
2951	0.2328234674
2952	0.2328137075
2953	0.2328091015
2954	0.2328026887
2955	0.2327967289
2956	0.2327908301
2957	0.2327858795
2958	0.2327782254
2959	0.2327738121
2960	0.2327703852
2961	0.2327634733
2962	0.232755673
2963	0.2327511154
2964	0.2327413259
2965	0.2327275699
2966	0.2327188629
2967	0.2327098515
2968	0.2327057917
2969	0.2327008924
2970	0.2326975184
2971	0.2326921003
2972	0.2326899433
2973	0.2326848872
2974	0.2326794643
2975	0.2326727925
2976	0.232665486
2977	0.2326607308
2978	0.232656141
2979	0.2326524165
2980	0.2326455772
2981	0.2326420481
2982	0.2326355056
2983	0.232632881
2984	0.2326277474
2985	0.2326231518
2986	0.2326167312
2987	0.2326105413
2988	0.2326056768
2989	0.2326034813
2990	0.2326002333
2991	0.2325968468
2992	0.2325893327
2993	0.2325845448
2994	0.2325804228
2995	0.2325777987
2996	0.2325721156
2997	0.2325650504
2998	0.2325598281
2999	0.2325493549
3000	0.2325421259
3001	0.2325323367
3002	0.2325297753
3003	0.2325177919
3004	0.2325104147
3005	0.2325058431
3006	0.2325023341
3007	0.2324973516
3008	0.2324903861
3009	0.2324879813
3010	0.2324825633
3011	0.232475541
3012	0.2324661481
3013	0.2324617462
3014	0.2324566167
3015	0.2324482879
3016	0.2324384003
3017	0.2324339437
3018	0.2324298917
3019	0.2324225762
3020	0.2324160941
3021	0.2324126786
3022	0.2324048888
3023	0.2324006166
3024	0.2323969936
3025	0.2323929151
3026	0.2323896394
3027	0.2323803048
3028	0.2323759854
3029	0.2323702101
3030	0.2323629314
3031	0.2323563113
3032	0.2323533079
3033	0.2323450278
3034	0.2323371185
3035	0.2323308966
3036	0.2323207636
3037	0.2323140448
3038	0.2323110149
3039	0.2323061336
3040	0.2323044163
3041	0.2322934458
3042	0.2322841486
3043	0.2322770804
3044	0.2322715928
3045	0.2322678328
3046	0.2322609416
3047	0.2322563175
3048	0.2322494433
3049	0.232242856
3050	0.2322364302
3051	0.2322220459
3052	0.2322091715
3053	0.2322025086
3054	0.2321951968
3055	0.2321903983
3056	0.2321816389
3057	0.2321775239
3058	0.2321714897
3059	0.2321643859
3060	0.2321602919
3061	0.2321563052
3062	0.2321522511
3063	0.2321453455
3064	0.2321373947
3065	0.2321336933
3066	0.2321256716
3067	0.2321204062
3068	0.2321166189
3069	0.2321131263
3070	0.2321090628
3071	0.232103941
3072	0.2320990249
3073	0.2320912901
3074	0.2320870078
3075	0.2320808696
3076	0.232075447
3077	0.2320667949
3078	0.2320647292
3079	0.2320605316
3080	0.2320542577
3081	0.2320459094
3082	0.2320409118
3083	0.2320372641
3084	0.2320333566
3085	0.2320302519
3086	0.2320277095
3087	0.2320227936
3088	0.2320156093
3089	0.2320070856
3090	0.2320007842
3091	0.2319974739
3092	0.2319890859
3093	0.2319823037
3094	0.231974349
3095	0.2319696801
3096	0.2319661564
3097	0.2319612121
3098	0.2319532959
3099	0.2319454333
3100	0.2319417131
3101	0.2319341353
3102	0.231932046
3103	0.2319279952
3104	0.2319251643
3105	0.2319180573
3106	0.2319157816
3107	0.2319119507
3108	0.2319014429
3109	0.231899701
3110	0.2318933699
3111	0.2318869629
3112	0.2318816898
3113	0.2318723984
3114	0.2318658449
3115	0.2318609302
3116	0.231856854
3117	0.2318528435
3118	0.2318457877
3119	0.231842568
3120	0.2318377129
3121	0.2318343299
3122	0.2318286343
3123	0.2318255419
3124	0.2318220679
3125	0.2318182069
3126	0.2318156295
3127	0.2318122922
3128	0.2318036605
3129	0.231796901
3130	0.2317907809
3131	0.2317826808
3132	0.2317781287
3133	0.2317743128
3134	0.2317641486
3135	0.2317572794
3136	0.2317507844
3137	0.2317469377
3138	0.2317429896
3139	0.231733929
3140	0.2317288623
3141	0.2317256996
3142	0.2317242675
3143	0.2317135219
3144	0.2317072977
3145	0.2316999348
3146	0.2316951004
3147	0.2316919972
3148	0.2316875175
3149	0.2316832706
3150	0.2316768442
3151	0.2316691439
3152	0.2316639302
3153	0.2316573378
3154	0.2316516267
3155	0.231638133
3156	0.2316341329
3157	0.2316304044
3158	0.2316228088
3159	0.2316161342
3160	0.231607713
3161	0.2316008931
3162	0.2315986036
3163	0.2315904277
3164	0.2315863189
3165	0.2315821265
3166	0.2315779792
3167	0.2315658705
3168	0.2315588263
3169	0.2315563301
3170	0.231554559
3171	0.2315474834
3172	0.2315407222
3173	0.2315334298
3174	0.2315283075
3175	0.2315231125
3176	0.2315137001
3177	0.2315104263
3178	0.2315079374
3179	0.2315052505
3180	0.2314994559
3181	0.2314939954
3182	0.2314900089
3183	0.231481072
3184	0.2314768789
3185	0.2314698076
3186	0.2314654535
3187	0.2314638412
3188	0.2314611723
3189	0.2314578117
3190	0.2314552038
3191	0.2314478992
3192	0.2314442493
3193	0.2314372069
3194	0.2314295494
3195	0.2314211861
3196	0.2314195445
3197	0.231416486
3198	0.2314041911
3199	0.2314002502
3200	0.2313940226
3201	0.2313872714
3202	0.2313811262
3203	0.2313778004
3204	0.2313727451
3205	0.2313663823
3206	0.2313644913
3207	0.231360148
3208	0.2313509201
3209	0.2313427783
3210	0.2313403711
3211	0.231333019
3212	0.2313252857
3213	0.2313223151
3214	0.2313106446
3215	0.2313074243
3216	0.2312995651
3217	0.2312955502
3218	0.2312869438
3219	0.2312824063
3220	0.2312779989
3221	0.2312680862
3222	0.2312635018
3223	0.2312518872
3224	0.2312442088
3225	0.2312372871
3226	0.2312291791
3227	0.2312250712
3228	0.2312193819
3229	0.2312120538
3230	0.2312046554
3231	0.2311957696
3232	0.2311911206
3233	0.2311861494
3234	0.2311826777
3235	0.2311772333
3236	0.2311705264
3237	0.2311655305
3238	0.231162654
3239	0.2311588527
3240	0.231152687
3241	0.2311481021
3242	0.2311412095
3243	0.231139433
3244	0.2311354027
3245	0.231131712
3246	0.2311260057
3247	0.2311228569
3248	0.2311165586
3249	0.2311133367
3250	0.2311091505
3251	0.2311060167
3252	0.2311023337
3253	0.2310940707
3254	0.2310869745
3255	0.2310806134
3256	0.2310722305
3257	0.2310679268
3258	0.2310645307
3259	0.2310586881
3260	0.2310550994
3261	0.2310492317
3262	0.2310430507
3263	0.2310397364
3264	0.2310351601
3265	0.2310329361
3266	0.2310266227
3267	0.2310222376
3268	0.2310153658
3269	0.2310081622
3270	0.2310007956
3271	0.2309946594
3272	0.2309903678
3273	0.2309875663
3274	0.2309817708
3275	0.2309769204
3276	0.2309712411
3277	0.2309667549
3278	0.230959419
3279	0.2309552373
3280	0.2309499254
3281	0.2309438089
3282	0.2309395039
3283	0.2309321089
3284	0.230930218
3285	0.2309240491
3286	0.2309183349
3287	0.2309126921
3288	0.2309099171
3289	0.2309072264
3290	0.2309006905
3291	0.2308970369
3292	0.230893932
3293	0.2308915629
3294	0.2308872818
3295	0.230882419
3296	0.2308772077
3297	0.2308703006
3298	0.2308648116
3299	0.2308589506
3300	0.2308519228
3301	0.230846034
3302	0.2308385441
3303	0.2308358665
3304	0.2308309231
3305	0.2308255411
3306	0.23081984
3307	0.2308120451
3308	0.230807741
3309	0.2308053439
3310	0.230800672
3311	0.2307957926
3312	0.2307897678
3313	0.2307868342
3314	0.2307800435
3315	0.2307763084
3316	0.2307735192
3317	0.2307697175
3318	0.230766635
3319	0.230763404
3320	0.2307568576
3321	0.2307485879
3322	0.2307412404
3323	0.2307383318
3324	0.2307333687
3325	0.230727181
3326	0.2307218199
3327	0.2307124854
3328	0.2307073674
3329	0.2307004994
3330	0.2306898252
3331	0.2306837037
3332	0.230677226
3333	0.2306722791
3334	0.2306666855
3335	0.2306597813
3336	0.230654195
3337	0.2306511883
3338	0.2306482127
3339	0.230642738
3340	0.2306367756
3341	0.2306322747
3342	0.230627996
3343	0.2306212216
3344	0.2306174369
3345	0.2306134344
3346	0.2306116277
3347	0.2306041216
3348	0.2306003324
3349	0.2305975014
3350	0.2305949113
3351	0.2305901072
3352	0.2305830204
3353	0.2305772173
3354	0.2305743437
3355	0.2305674054
3356	0.2305646085
3357	0.2305601111
3358	0.2305524988
3359	0.2305478511
3360	0.2305429733
3361	0.2305400202
3362	0.2305349869
3363	0.2305296106
3364	0.2305234838
3365	0.2305204395
3366	0.2305166599
3367	0.2305122889
3368	0.230508834
3369	0.2305025013
3370	0.2304978286
3371	0.2304924302
3372	0.2304892922
3373	0.2304848106
3374	0.2304807731
3375	0.2304737797
3376	0.2304702801
3377	0.2304672232
3378	0.2304638109
3379	0.2304530166
3380	0.2304481163
3381	0.2304443138
3382	0.2304408268
3383	0.2304322435
3384	0.2304256706
3385	0.2304222567
3386	0.2304170533
3387	0.2304101945
3388	0.2304054903
3389	0.2304024503
3390	0.2303969504
3391	0.2303932609
3392	0.2303892552
3393	0.2303854466
3394	0.2303801331
3395	0.2303768688
3396	0.2303717584
3397	0.2303660794
3398	0.2303620074
3399	0.2303557409
3400	0.2303492303
3401	0.2303397575
3402	0.2303387697
3403	0.2303365068
3404	0.2303329771
3405	0.2303286808
3406	0.2303240029
3407	0.2303221973
3408	0.2303137186
3409	0.2303081315
3410	0.2302978749
3411	0.2302903363
3412	0.2302851414
3413	0.230280166
3414	0.2302747994
3415	0.2302690889
3416	0.2302662289
3417	0.2302602143
3418	0.2302518283
3419	0.2302503176
3420	0.2302452476
3421	0.2302437901
3422	0.2302364171
3423	0.2302328258
3424	0.2302259285
3425	0.2302224586
3426	0.2302197122
3427	0.2302103892
3428	0.2302066322
3429	0.230198102
3430	0.2301920749
3431	0.2301863649
3432	0.2301836112
3433	0.2301760789
3434	0.2301692794
3435	0.2301654372
3436	0.2301631603
3437	0.2301568317
3438	0.2301539031
3439	0.2301494641
3440	0.2301433941
3441	0.2301369569
3442	0.2301306
3443	0.2301264797
3444	0.230118348
3445	0.2301126485
3446	0.230108186
3447	0.2301038859
3448	0.2300960308
3449	0.2300926209
3450	0.2300906755
3451	0.2300863778
3452	0.2300798918
3453	0.2300759959
3454	0.2300697582
3455	0.2300617474
3456	0.2300602572
3457	0.2300564133
3458	0.2300502699
3459	0.2300462514
3460	0.2300429061
3461	0.2300396285
3462	0.2300358988
3463	0.2300295857
3464	0.2300237779
3465	0.2300150213
3466	0.2300064186
3467	0.2300032455
3468	0.230000761
3469	0.2299953238
3470	0.2299943709
3471	0.2299921508
3472	0.2299866338
3473	0.2299820822
3474	0.2299760363
3475	0.2299671845
3476	0.229961894
3477	0.2299573351
3478	0.2299551949
3479	0.2299473403
3480	0.2299417766
3481	0.229940248
3482	0.2299371202
3483	0.2299337272
3484	0.2299318457
3485	0.2299285087
3486	0.2299231391
3487	0.2299198673
3488	0.2299173826
3489	0.2299133088
3490	0.2299076206
3491	0.2299004976
3492	0.2298938446
3493	0.2298864029
3494	0.2298806711
3495	0.2298756986
3496	0.2298702578
3497	0.2298624216
3498	0.2298577174
3499	0.229851511
3500	0.2298502152
3501	0.2298465273
3502	0.2298380838
3503	0.2298349511
3504	0.2298297286
3505	0.2298268514
3506	0.2298187329
3507	0.2298124914
3508	0.2298072208
3509	0.2298037477
3510	0.2297983608
3511	0.2297937222
3512	0.2297897864
3513	0.229781963
3514	0.229778507
3515	0.2297709407
3516	0.2297628986
3517	0.2297591341
3518	0.2297548732
3519	0.2297515809
3520	0.2297458706
3521	0.2297397111
3522	0.2297318285
3523	0.2297284424
3524	0.2297224732
3525	0.2297189134
3526	0.2297134177
3527	0.2297078379
3528	0.2297059886
3529	0.2296984113
3530	0.2296922543
3531	0.2296843335
3532	0.2296817609
3533	0.229677292
3534	0.2296724422
3535	0.2296665693
3536	0.2296626019
3537	0.229659248
3538	0.2296543955
3539	0.229647825
3540	0.2296411184
3541	0.2296362635
3542	0.2296317425
3543	0.2296278519
3544	0.2296221307
3545	0.2296160194
3546	0.2296125819
3547	0.2296090905
3548	0.2296047087
3549	0.2295980115
3550	0.2295915089
3551	0.2295830165
3552	0.2295803561
3553	0.2295760477
3554	0.2295715366
3555	0.2295659858
3556	0.2295603313
3557	0.2295566663
3558	0.2295506671
3559	0.2295480476
3560	0.2295420505
3561	0.2295361993
3562	0.2295291451
3563	0.2295254525
3564	0.229523264
3565	0.2295191994
3566	0.2295130185
3567	0.2295063991
3568	0.2294991106
3569	0.2294925214
3570	0.229488661
3571	0.2294827232
3572	0.2294793756
3573	0.2294682316
3574	0.2294613378
3575	0.2294567114
3576	0.2294538792
3577	0.2294508166
3578	0.2294442718
3579	0.2294385443
3580	0.2294352399
3581	0.2294322468
3582	0.2294276575
3583	0.2294217918
3584	0.2294178104
3585	0.2294153506
3586	0.2294115231
3587	0.2294070526
3588	0.2294009102
3589	0.2293926438
3590	0.2293900753
3591	0.2293848483
3592	0.229380487
3593	0.2293755738
3594	0.229368806
3595	0.229363827
3596	0.2293624377
3597	0.229355923
3598	0.2293527102
3599	0.2293495882
3600	0.2293458749
3601	0.2293428709
3602	0.2293385701
3603	0.2293310989
3604	0.2293242292
3605	0.2293217165
3606	0.229316397
3607	0.2293113523
3608	0.2293077566
3609	0.2293026993
3610	0.2293009122
3611	0.2292930635
3612	0.2292880877
3613	0.2292843007
3614	0.2292811439
3615	0.229273016
3616	0.2292698274
3617	0.2292655571
3618	0.2292627424
3619	0.2292602646
3620	0.2292556597
3621	0.2292528444
3622	0.2292499443
3623	0.2292453548
3624	0.2292388716
3625	0.2292312978
3626	0.2292231817
3627	0.2292173739
3628	0.2292142512
3629	0.2292077367
3630	0.2292037608
3631	0.2291971677
3632	0.229194183
3633	0.2291859936
3634	0.229178625
3635	0.2291742099
3636	0.2291656699
3637	0.2291603392
3638	0.2291534256
3639	0.2291455481
3640	0.2291379779
3641	0.2291340424
3642	0.2291314837
3643	0.2291269313
3644	0.229120913
3645	0.2291168582
3646	0.2291110185
3647	0.2291052968
3648	0.229102806
3649	0.2290985839
3650	0.2290939211
3651	0.229089669
3652	0.2290874171
3653	0.2290859929
3654	0.2290826012
3655	0.2290743283
3656	0.2290681819
3657	0.2290629331
3658	0.2290594501
3659	0.2290507819
3660	0.2290450662
3661	0.2290367544
3662	0.2290317378
3663	0.2290263002
3664	0.2290233189
3665	0.2290200883
3666	0.2290152421
3667	0.2290094256
3668	0.2290044768
3669	0.2289994198
3670	0.2289963187
3671	0.2289915423
3672	0.2289867001
3673	0.2289838302
3674	0.2289792511
3675	0.2289747799
3676	0.2289734633
3677	0.2289669806
3678	0.2289584424
3679	0.2289554978
3680	0.2289503764
3681	0.228941104
3682	0.2289347167
3683	0.2289312358
3684	0.2289274801
3685	0.2289221735
3686	0.2289189439
3687	0.2289132819
3688	0.2289066337
3689	0.2289009127
3690	0.2288974588
3691	0.228894982
3692	0.2288891564
3693	0.2288866335
3694	0.2288839914
3695	0.2288816673
3696	0.228874079
3697	0.2288722198
3698	0.228867922
3699	0.2288595627
3700	0.2288537923
3701	0.2288486686
3702	0.2288432333
3703	0.2288381363
3704	0.2288348703
3705	0.2288284601
3706	0.2288225934
3707	0.2288140069
3708	0.2288099196
3709	0.2288069502
3710	0.2288006563
3711	0.228796485
3712	0.2287892902
3713	0.228784924
3714	0.2287795076
3715	0.2287740062
3716	0.2287702423
3717	0.228767632
3718	0.228762141
3719	0.2287596676
3720	0.2287546463
3721	0.2287481579
3722	0.2287431226
3723	0.2287421251
3724	0.2287409519
3725	0.2287340609
3726	0.2287294928
3727	0.2287245284
3728	0.2287191428
3729	0.2287153246
3730	0.2287106492
3731	0.22870231
3732	0.2286960566
3733	0.2286948075
3734	0.2286890446
3735	0.2286822696
3736	0.2286773054
3737	0.2286739647
3738	0.2286692866
3739	0.2286661839
3740	0.2286615552
3741	0.2286583616
3742	0.2286554801
3743	0.2286498819
3744	0.2286448026
3745	0.2286419069
3746	0.2286369725
3747	0.2286293036
3748	0.2286242222
3749	0.2286189902
3750	0.2286124723
3751	0.2286072106
3752	0.2286011867
3753	0.2285968673
3754	0.2285937302
3755	0.2285879726
3756	0.2285828708
3757	0.228579765
3758	0.2285736462
3759	0.2285634455
3760	0.228558182
3761	0.2285539427
3762	0.2285489953
3763	0.2285453526
3764	0.2285405748
3765	0.2285371337
3766	0.228533727
3767	0.228526832
3768	0.2285235943
3769	0.2285212001
3770	0.2285152457
3771	0.2285073011
3772	0.2285044981
3773	0.2285020588
3774	0.2284984173
3775	0.2284973107
3776	0.2284913216
3777	0.2284860129
3778	0.2284812049
3779	0.2284779626
3780	0.2284667019
3781	0.2284586445
3782	0.2284546476
3783	0.2284489303
3784	0.2284417873
3785	0.2284374379
3786	0.2284307695
3787	0.2284244905
3788	0.228419191
3789	0.2284138349
3790	0.2284079559
3791	0.2284053162
3792	0.2283992826
3793	0.2283939084
3794	0.2283864432
3795	0.2283849493
3796	0.2283808458
3797	0.2283751333
3798	0.2283692422
3799	0.2283649035
3800	0.2283617451
3801	0.2283551553
3802	0.2283478446
3803	0.2283429772
3804	0.2283414284
3805	0.2283374048
3806	0.2283315691
3807	0.228327428
3808	0.2283194357
3809	0.2283153042
3810	0.228308774
3811	0.228301955
3812	0.2282942798
3813	0.2282909614
3814	0.2282851495
3815	0.2282847368
3816	0.2282814439
3817	0.2282722709
3818	0.2282664754
3819	0.2282638949
3820	0.2282606876
3821	0.2282548754
3822	0.2282488159
3823	0.2282454657
3824	0.228244723
3825	0.2282408471
3826	0.2282369807
3827	0.2282315846
3828	0.2282285113
3829	0.2282257298
3830	0.2282216587
3831	0.2282191313
3832	0.2282148321
3833	0.2282110118
3834	0.2282063044
3835	0.2281996311
3836	0.2281939907
3837	0.2281873616
3838	0.2281816556
3839	0.2281788368
3840	0.2281717802
3841	0.2281658803
3842	0.2281631837
3843	0.2281587919
3844	0.2281582206
3845	0.2281543304
3846	0.2281486404
3847	0.2281431555
3848	0.2281408112
3849	0.2281334481
3850	0.2281284398
3851	0.228126429
3852	0.2281205455
3853	0.228114925
3854	0.2281063897
3855	0.228102016
3856	0.2280994001
3857	0.2280949257
3858	0.2280919255
3859	0.2280858703
3860	0.2280809662
3861	0.2280778854
3862	0.2280758224
3863	0.2280686793
3864	0.2280652661
3865	0.2280601088
3866	0.2280559474
3867	0.2280531604
3868	0.2280481458
3869	0.2280409753
3870	0.2280366935
3871	0.2280286918
3872	0.2280271527
3873	0.228024682
3874	0.2280219304
3875	0.2280161395
3876	0.2280105117
3877	0.228006532
3878	0.2280011334
3879	0.2279949275
3880	0.2279909615
3881	0.2279838378
3882	0.2279769997
3883	0.2279697607
3884	0.2279671554
3885	0.2279634655
3886	0.2279592998
3887	0.2279572822
3888	0.2279531426
3889	0.2279513395
3890	0.2279477958
3891	0.2279376414
3892	0.2279340624
3893	0.2279293539
3894	0.2279219424
3895	0.2279095779
3896	0.2279043503
3897	0.2278992082
3898	0.2278938895
3899	0.2278905971
3900	0.2278856859
3901	0.2278800991
3902	0.2278742562
3903	0.2278669359
3904	0.2278590328
3905	0.2278506105
3906	0.2278481823
3907	0.2278437839
3908	0.2278381406
3909	0.2278310456
3910	0.2278274856
3911	0.2278217626
3912	0.2278156331
3913	0.2278086982
3914	0.227804141
3915	0.2277991598
3916	0.227793554
3917	0.2277910852
3918	0.227786678
3919	0.2277821698
3920	0.2277789121
3921	0.227774256
3922	0.2277731617
3923	0.2277667056
3924	0.2277621847
3925	0.2277577205
3926	0.2277535898
3927	0.2277516348
3928	0.2277397374
3929	0.2277327901
3930	0.2277284645
3931	0.2277278422
3932	0.227723285
3933	0.2277182209
3934	0.2277145763
3935	0.2277075966
3936	0.227702814
3937	0.227701328
3938	0.2276969212
3939	0.2276926815
3940	0.2276904257
3941	0.2276862046
3942	0.2276822446
3943	0.2276790617
3944	0.227674866
3945	0.2276702052
3946	0.2276665414
3947	0.2276635585
3948	0.2276594865
3949	0.2276541816
3950	0.2276476464
3951	0.2276425586
3952	0.2276358105
3953	0.2276329309
3954	0.2276296607
3955	0.2276261048
3956	0.2276241994
3957	0.2276198824
3958	0.2276174282
3959	0.227613346
3960	0.2276095865
3961	0.2276045467
3962	0.2275992702
3963	0.2275941812
3964	0.2275912902
3965	0.2275861503
3966	0.2275818117
3967	0.2275763956
3968	0.2275731318
3969	0.2275696873
3970	0.2275632097
3971	0.2275598828
3972	0.2275547086
3973	0.2275491023
3974	0.2275464786
3975	0.2275453117
3976	0.2275404189
3977	0.2275344033
3978	0.2275301094
3979	0.2275271552
3980	0.2275173549
3981	0.2275133106
3982	0.2275074254
3983	0.2275035907
3984	0.2274977294
3985	0.2274954369
3986	0.2274913296
3987	0.2274883273
3988	0.2274837933
3989	0.2274795379
3990	0.2274755916
3991	0.2274662816
3992	0.2274636923
3993	0.2274610479
3994	0.2274604381
3995	0.2274592308
3996	0.2274552791
3997	0.2274459297
3998	0.2274415803
3999	0.2274388231
4000	0.2274334066
4001	0.227428825
4002	0.2274274017
4003	0.2274237503
4004	0.2274167772
4005	0.2274128469
4006	0.2274079408
4007	0.2274040121
4008	0.2274008388
4009	0.2273961684
4010	0.227392074
4011	0.2273864585
4012	0.2273818286
4013	0.2273750095
4014	0.2273659014
4015	0.2273600574
4016	0.2273550708
4017	0.2273487584
4018	0.22734489
4019	0.2273397642
4020	0.2273353212
4021	0.2273320011
4022	0.2273256827
4023	0.2273206711
4024	0.2273149385
4025	0.2273074189
4026	0.2273005536
4027	0.2272967415
4028	0.2272896389
4029	0.2272892226
4030	0.2272838024
4031	0.2272811321
4032	0.2272779258
4033	0.2272714253
4034	0.2272682706
4035	0.2272645555
4036	0.2272612394
4037	0.2272568704
4038	0.2272543482
4039	0.2272483618
4040	0.2272417146
4041	0.2272347265
4042	0.2272304959
4043	0.2272262271
4044	0.2272236075
4045	0.2272177925
4046	0.2272128939
4047	0.227206802
4048	0.2272047107
4049	0.2272002029
4050	0.2271963493
4051	0.2271920404
4052	0.2271895737
4053	0.2271873645
4054	0.2271808665
4055	0.2271756865
4056	0.2271690433
4057	0.2271635782
4058	0.2271591699
4059	0.2271549029
4060	0.2271521101
4061	0.2271453324
4062	0.2271418631
4063	0.2271390639
4064	0.2271323942
4065	0.2271290662
4066	0.2271287058
4067	0.2271244074
4068	0.2271213762
4069	0.2271157829
4070	0.227112411
4071	0.2271077006
4072	0.2271044258
4073	0.2270992023
4074	0.2270949475
4075	0.2270915453
4076	0.2270852593
4077	0.227082911
4078	0.2270789177
4079	0.2270765728
4080	0.2270710833
4081	0.2270685421
4082	0.227065556
4083	0.227058075
4084	0.227054532
4085	0.2270509462
4086	0.2270453216
4087	0.2270388483
4088	0.2270339249
4089	0.2270282686
4090	0.227022726
4091	0.227020648
4092	0.2270151244
4093	0.2270124649
4094	0.2270056657
4095	0.2270025565
4096	0.2269969648
4097	0.2269915512
4098	0.2269862412
4099	0.2269804231
4100	0.2269730374
4101	0.2269690899
4102	0.226965052
4103	0.2269606892
4104	0.226958408
4105	0.2269534825
4106	0.2269504014
4107	0.2269475537
4108	0.2269447291
4109	0.2269404547
4110	0.2269339664
4111	0.2269309689
4112	0.2269287257
4113	0.2269263937
4114	0.2269203718
4115	0.226917305
4116	0.2269091541
4117	0.2269033076
4118	0.2269004515
4119	0.2268967265
4120	0.2268929232
4121	0.226886171
4122	0.2268807165
4123	0.2268767895
4124	0.2268728389
4125	0.2268703886
4126	0.226862919
4127	0.2268601357
4128	0.2268551414
4129	0.2268484361
4130	0.2268451359
4131	0.2268403867
4132	0.2268360031
4133	0.2268310311
4134	0.2268276366
4135	0.2268268694
4136	0.2268230653
4137	0.2268191765
4138	0.226814171
4139	0.2268106433
4140	0.2268068029
4141	0.2268030692
4142	0.2267993055
4143	0.2267948386
4144	0.2267924577
4145	0.2267870575
4146	0.2267806753
4147	0.2267744908
4148	0.2267709591
4149	0.2267638089
4150	0.2267565095
4151	0.22675104
4152	0.2267487382
4153	0.2267449112
4154	0.2267402693
4155	0.2267364911
4156	0.2267307789
4157	0.2267258335
4158	0.2267232572
4159	0.2267190507
4160	0.2267111449
4161	0.2267071989
4162	0.2267013456
4163	0.2266973263
4164	0.2266901133
4165	0.2266852071
4166	0.2266817891
4167	0.2266786493
4168	0.2266759644
4169	0.2266695502
4170	0.2266672709
4171	0.226660014
4172	0.226656001
4173	0.2266502452
4174	0.2266470288
4175	0.2266421166
4176	0.2266404354
4177	0.2266344413
4178	0.2266310039
4179	0.2266238295
4180	0.2266185932
4181	0.2266116529
4182	0.2266105033
4183	0.2266050436
4184	0.2265993396
4185	0.2265923645
4186	0.2265896652
4187	0.2265848199
4188	0.2265795281
4189	0.2265737533
4190	0.2265678343
4191	0.2265639476
4192	0.2265615679
4193	0.2265558164
4194	0.2265490334
4195	0.2265458628
4196	0.2265390026
4197	0.2265363481
4198	0.2265309732
4199	0.2265253626
4200	0.2265228227
4201	0.226519617
4202	0.2265167499
4203	0.2265124871
4204	0.2265098446
4205	0.2265062843
4206	0.2265050413
4207	0.226500866
4208	0.2264971491
4209	0.2264933687
4210	0.2264901396
4211	0.2264878747
4212	0.2264819338
4213	0.2264774508
4214	0.2264717459
4215	0.2264654571
4216	0.2264622656
4217	0.2264586231
4218	0.2264552915
4219	0.2264522515
4220	0.2264488839
4221	0.2264444664
4222	0.2264405062
4223	0.2264341915
4224	0.2264283366
4225	0.2264262772
4226	0.2264221626
4227	0.226420463
4228	0.2264126249
4229	0.2264069864
4230	0.2264017404
4231	0.2263965349
4232	0.2263934275
4233	0.2263878864
4234	0.2263832205
4235	0.2263791623
4236	0.2263765815
4237	0.226371882
4238	0.2263667748
4239	0.2263640882
4240	0.2263604004
4241	0.2263542443
4242	0.2263495125
4243	0.2263468427
4244	0.226342733
4245	0.2263375967
4246	0.2263299912
4247	0.2263226101
4248	0.2263189706
4249	0.2263152741
4250	0.2263097645
4251	0.2263094161
4252	0.2263040236
4253	0.226300752
4254	0.2262954315
4255	0.2262899251
4256	0.226285356
4257	0.2262818155
4258	0.2262793307
4259	0.2262765822
4260	0.2262743493
4261	0.2262709829
4262	0.2262639615
4263	0.2262602055
4264	0.2262560723
4265	0.2262504624
4266	0.2262467847
4267	0.2262425151
4268	0.2262373182
4269	0.2262313211
4270	0.2262283354
4271	0.2262230412
4272	0.2262213754
4273	0.2262193592
4274	0.226214622
4275	0.2262130164
4276	0.2262080335
4277	0.2262034333
4278	0.2262010158
4279	0.2261969473
4280	0.2261964789
4281	0.2261907441
4282	0.2261841759
4283	0.226181023
4284	0.226174569
4285	0.2261711633
4286	0.2261657934
4287	0.2261635414
4288	0.2261583391
4289	0.2261546753
4290	0.2261505857
4291	0.2261472573
4292	0.2261417654
4293	0.2261393133
4294	0.2261346693
4295	0.2261317294
4296	0.2261277061
4297	0.2261232636
4298	0.2261188926
4299	0.2261140974
4300	0.2261100201
4301	0.2261054639
4302	0.2261002591
4303	0.22609472
4304	0.226093516
4305	0.226088472
4306	0.2260844558
4307	0.2260814581
4308	0.2260771917
4309	0.2260742212
4310	0.2260699414
4311	0.2260660612
4312	0.2260592646
4313	0.2260561849
4314	0.2260503517
4315	0.226044514
4316	0.2260393547
4317	0.2260340284
4318	0.2260286986
4319	0.2260222303
4320	0.2260162543
4321	0.2260106005
4322	0.2260067412
4323	0.2259995703
4324	0.2259955078
4325	0.2259933283
4326	0.2259905493
4327	0.2259876759
4328	0.2259823091
4329	0.2259760527
4330	0.2259710838
4331	0.2259681108
4332	0.2259641126
4333	0.225958059
4334	0.2259532583
4335	0.2259502729
4336	0.2259478963
4337	0.2259428808
4338	0.2259404012
4339	0.2259357794
4340	0.2259291056
4341	0.2259264162
4342	0.2259219909
4343	0.2259161088
4344	0.2259110362
4345	0.2259063106
4346	0.2259026078
4347	0.225900214
4348	0.2258944217
4349	0.2258914908
4350	0.225889826
4351	0.2258852625
4352	0.2258822708
4353	0.2258771227
4354	0.2258692099
4355	0.2258625316
4356	0.2258558867
4357	0.2258496426
4358	0.2258441538
4359	0.2258407288
4360	0.2258372332
4361	0.2258315873
4362	0.2258280026
4363	0.2258212667
4364	0.2258170403
4365	0.2258144036
4366	0.2258081525
4367	0.2258063792
4368	0.2258027237
4369	0.2257975526
4370	0.2257952305
4371	0.2257942034
4372	0.225787585
4373	0.2257831528
4374	0.2257811573
4375	0.2257761022
4376	0.2257709895
4377	0.2257673545
4378	0.2257642271
4379	0.2257637015
4380	0.2257614121
4381	0.2257561181
4382	0.2257540423
4383	0.2257499881
4384	0.2257448242
4385	0.2257382697
4386	0.2257347818
4387	0.2257308738
4388	0.2257264857
4389	0.225721585
4390	0.2257183439
4391	0.2257148847
4392	0.2257094667
4393	0.2257055809
4394	0.2256986828
4395	0.2256950237
4396	0.2256902149
4397	0.2256867012
4398	0.2256844813
4399	0.2256818774
4400	0.2256749609
4401	0.2256689083
4402	0.2256652543
4403	0.2256607967
4404	0.225658154
4405	0.2256536865
4406	0.2256466913
4407	0.2256450189
4408	0.2256390866
4409	0.2256348781
4410	0.2256291736
4411	0.2256243068
4412	0.2256185267
4413	0.225615397
4414	0.2256073357
4415	0.2256036493
4416	0.2256001264
4417	0.2255968162
4418	0.2255925049
4419	0.2255784866
4420	0.2255757438
4421	0.2255716802
4422	0.2255699721
4423	0.2255654766
4424	0.2255618207
4425	0.2255573843
4426	0.2255546136
4427	0.2255513527
4428	0.2255486795
4429	0.2255451324
4430	0.2255404517
4431	0.22553659
4432	0.2255344597
4433	0.2255306887
4434	0.2255276476
4435	0.2255227065
4436	0.2255222119
4437	0.2255190202
4438	0.2255116482
4439	0.2255062193
4440	0.2255013637
4441	0.2254980893
4442	0.2254953703
4443	0.2254910997
4444	0.2254837872
4445	0.225479253
4446	0.2254772436
4447	0.2254721245
4448	0.2254699479
4449	0.225468019
4450	0.2254609167
4451	0.2254575735
4452	0.2254519991
4453	0.2254474026
4454	0.2254447678
4455	0.2254405901
4456	0.2254401259
4457	0.2254334149
4458	0.2254277941
4459	0.2254221388
4460	0.2254190417
4461	0.2254118217
4462	0.2254084018
4463	0.225406255
4464	0.2254029936
4465	0.2253992672
4466	0.2253940382
4467	0.2253893576
4468	0.2253841934
4469	0.2253797563
4470	0.2253741742
4471	0.2253694799
4472	0.2253646566
4473	0.2253577813
4474	0.2253526443
4475	0.2253493619
4476	0.2253463704
4477	0.22534278
4478	0.2253359816
4479	0.2253337983
4480	0.2253271242
4481	0.2253219002
4482	0.2253170276
4483	0.2253120433
4484	0.2253088419
4485	0.2253064853
4486	0.2253032281
4487	0.2252968713
4488	0.2252923423
4489	0.2252887503
4490	0.2252855956
4491	0.2252811257
4492	0.225275037
4493	0.2252715936
4494	0.225265265
4495	0.2252624616
4496	0.2252577757
4497	0.2252552444
4498	0.2252480294
4499	0.2252428443
4500	0.2252404762
4501	0.2252362256
4502	0.2252312823
4503	0.2252250204
4504	0.2252235147
4505	0.2252133854
4506	0.22521073
4507	0.2252082823
4508	0.2252028371
4509	0.2251996632
4510	0.2251950032
4511	0.2251902446
4512	0.2251848475
4513	0.2251816079
4514	0.2251735844
4515	0.225170667
4516	0.2251674077
4517	0.2251632221
4518	0.2251582836
4519	0.2251555932
4520	0.2251518774
4521	0.2251463574
4522	0.2251390453
4523	0.2251338338
4524	0.2251292955
4525	0.2251270376
4526	0.2251213978
4527	0.2251162622
4528	0.2251112541
4529	0.2251063911
4530	0.2250994075
4531	0.2250939673
4532	0.2250887348
4533	0.2250845807
4534	0.2250823111
4535	0.2250758432
4536	0.225070166
4537	0.2250629243
4538	0.2250592479
4539	0.225053365
4540	0.2250475212
4541	0.2250424282
4542	0.2250400247
4543	0.2250349106
4544	0.2250305262
4545	0.2250301588
4546	0.2250253139
4547	0.2250227496
4548	0.2250192316
4549	0.2250134015
4550	0.2250101333
4551	0.2250073186
4552	0.2250027945
4553	0.2249947851
4554	0.22499324
4555	0.224988947
4556	0.2249860225
4557	0.2249819959
4558	0.2249802005
4559	0.2249769196
4560	0.2249718606
4561	0.2249670196
4562	0.2249645896
4563	0.2249636323
4564	0.2249587509
4565	0.2249534618
4566	0.2249464526
4567	0.2249437548
4568	0.2249397864
4569	0.224933182
4570	0.2249300022
4571	0.2249256
4572	0.2249221585
4573	0.2249181202
4574	0.2249141056
4575	0.2249114633
4576	0.2249068812
4577	0.224902648
4578	0.22489765
4579	0.2248958933
4580	0.2248898045
4581	0.2248830543
4582	0.2248795846
4583	0.2248761628
4584	0.2248713902
4585	0.2248694528
4586	0.2248677347
4587	0.2248645322
4588	0.2248618501
4589	0.2248549406
4590	0.2248519725
4591	0.2248475187
4592	0.2248441746
4593	0.2248413349
4594	0.2248369083
4595	0.2248350177
4596	0.2248300623
4597	0.2248258941
4598	0.224820875
4599	0.2248167363
4600	0.2248111977
4601	0.2248070063
4602	0.2248009851
4603	0.224797237
4604	0.2247947366
4605	0.2247918393
4606	0.2247867786
4607	0.2247796205
4608	0.2247745196
4609	0.2247684189
4610	0.2247631096
4611	0.2247555513
4612	0.2247521216
4613	0.2247482833
4614	0.22474428
4615	0.2247415619
4616	0.2247386826
4617	0.2247354942
4618	0.2247300393
4619	0.2247266485
4620	0.2247235507
4621	0.2247188274
4622	0.2247151425
4623	0.2247109558
4624	0.2247027252
4625	0.2246996602
4626	0.2246931545
4627	0.2246869113
4628	0.224681663
4629	0.2246771124
4630	0.2246741301
4631	0.2246720839
4632	0.2246671059
4633	0.2246622492
4634	0.2246569276
4635	0.2246505667
4636	0.2246462804
4637	0.2246400015
4638	0.224634374
4639	0.2246322163
4640	0.224626378
4641	0.2246236897
4642	0.2246196863
4643	0.2246162047
4644	0.2246128639
4645	0.2246088421
4646	0.2246051043
4647	0.2246001756
4648	0.2245949272
4649	0.2245897939
4650	0.2245845195
4651	0.2245793811
4652	0.2245737406
4653	0.2245673806
4654	0.2245609648
4655	0.2245580736
4656	0.2245550151
4657	0.2245521055
4658	0.2245452315
4659	0.2245403218
4660	0.224536071
4661	0.2245291488
4662	0.224525336
4663	0.2245214888
4664	0.2245186819
4665	0.2245162451
4666	0.2245102946
4667	0.2245035408
4668	0.2244977052
4669	0.2244926661
4670	0.2244874455
4671	0.2244804472
4672	0.2244788126
4673	0.224471089
4674	0.2244660191
4675	0.2244628295
4676	0.2244605726
4677	0.2244573885
4678	0.224452769
4679	0.2244495903
4680	0.224446629
4681	0.2244408809
4682	0.2244374348
4683	0.2244331248
4684	0.2244311785
4685	0.2244251625
4686	0.2244183019
4687	0.2244145331
4688	0.2244108421
4689	0.2244077262
4690	0.2244044078
4691	0.2243990257
4692	0.2243950709
4693	0.2243906876
4694	0.2243864368
4695	0.2243830418
4696	0.2243763515
4697	0.2243739691
4698	0.2243703668
4699	0.2243677945
4700	0.2243658364
4701	0.2243630207
4702	0.2243590043
4703	0.2243554065
4704	0.2243494129
4705	0.224344334
4706	0.2243393336
4707	0.2243348967
4708	0.2243333166
4709	0.2243303223
4710	0.2243275467
4711	0.2243253185
4712	0.224324852
4713	0.2243208088
4714	0.224316271
4715	0.2243116196
4716	0.224305867
4717	0.2243029223
4718	0.2242977291
4719	0.224294878
4720	0.2242920554
4721	0.2242866341
4722	0.2242834222
4723	0.224280527
4724	0.2242771142
4725	0.2242745376
4726	0.2242736669
4727	0.2242692495
4728	0.2242670613
4729	0.2242630916
4730	0.2242573953
4731	0.2242521027
4732	0.2242482184
4733	0.2242431369
4734	0.2242387591
4735	0.2242348713
4736	0.2242304828
4737	0.2242286643
4738	0.2242254532
4739	0.2242203572
4740	0.2242167255
4741	0.2242149244
4742	0.2242124679
4743	0.2242097813
4744	0.224205794
4745	0.2242019651
4746	0.2241976333
4747	0.2241931679
4748	0.2241895081
4749	0.2241849826
4750	0.2241808532
4751	0.2241787366
4752	0.2241751764
4753	0.2241694153
4754	0.2241659595
4755	0.2241595223
4756	0.2241568375
4757	0.2241516518
4758	0.2241495867
4759	0.2241455938
4760	0.2241386273
4761	0.2241345105
4762	0.2241297851
4763	0.2241266977
4764	0.2241200709
4765	0.2241175331
4766	0.2241140111
4767	0.2241093605
4768	0.2241044107
4769	0.2241024151
4770	0.2240947816
4771	0.2240917986
4772	0.2240863538
4773	0.2240844456
4774	0.2240790313
4775	0.2240756083
4776	0.2240730805
4777	0.2240696841
4778	0.2240621874
4779	0.2240553606
4780	0.2240523817
4781	0.2240509865
4782	0.224046996
4783	0.2240432483
4784	0.2240394153
4785	0.2240353735
4786	0.2240324761
4787	0.2240284693
4788	0.2240271455
4789	0.2240240595
4790	0.2240219437
4791	0.2240194652
4792	0.2240139268
4793	0.2240103582
4794	0.2240078277
4795	0.2240029264
4796	0.2239982562
4797	0.2239932355
4798	0.2239904568
4799	0.2239879707
4800	0.2239876271
4801	0.22398481
4802	0.2239808318
4803	0.2239779883
4804	0.2239751306
4805	0.2239699863
4806	0.2239667231
4807	0.2239619894
4808	0.223957293
4809	0.2239528538
4810	0.2239470329
4811	0.2239402518
4812	0.2239366126
4813	0.2239307976
4814	0.2239274714
4815	0.223921762
4816	0.2239183851
4817	0.2239135247
4818	0.2239088313
4819	0.2239084024
4820	0.2239043244
4821	0.2239008244
4822	0.2238983124
4823	0.2238946662
4824	0.2238891752
4825	0.2238846714
4826	0.2238813111
4827	0.2238765685
4828	0.2238710971
4829	0.2238678889
4830	0.2238631094
4831	0.223857856
4832	0.2238570085
4833	0.2238521548
4834	0.223850212
4835	0.2238493832
4836	0.2238474765
4837	0.2238449118
4838	0.2238402379
4839	0.2238347245
4840	0.2238314085
4841	0.2238255703
4842	0.2238172438
4843	0.2238127501
4844	0.2238100636
4845	0.2238051602
4846	0.2238033601
4847	0.223798554
4848	0.2237932635
4849	0.22378973
4850	0.2237834615
4851	0.2237816805
4852	0.2237772372
4853	0.2237735027
4854	0.2237710321
4855	0.2237686325
4856	0.2237630765
4857	0.2237606101
4858	0.2237556989
4859	0.2237522947
4860	0.2237480509
4861	0.2237417862
4862	0.223738868
4863	0.2237343436
4864	0.223731456
4865	0.2237292082
4866	0.2237271613
4867	0.2237220775
4868	0.2237203383
4869	0.2237190535
4870	0.2237132728
4871	0.2237082888
4872	0.2237058601
4873	0.2237022566
4874	0.2236969658
4875	0.2236944203
4876	0.2236903221
4877	0.2236862244
4878	0.2236814534
4879	0.2236790408
4880	0.223676031
4881	0.2236708459
4882	0.2236678512
4883	0.2236619437
4884	0.2236568564
4885	0.2236536582
4886	0.223649997
4887	0.2236453697
4888	0.2236383306
4889	0.2236340331
4890	0.2236314698
4891	0.2236279697
4892	0.2236217112
4893	0.2236202066
4894	0.2236164877
4895	0.2236097102
4896	0.2236062732
4897	0.2236059614
4898	0.2236056125
4899	0.2236003263
4900	0.2235974497
4901	0.2235957559
4902	0.2235891937
4903	0.2235885073
4904	0.2235844525
4905	0.2235799039
4906	0.2235782584
4907	0.2235741984
4908	0.2235712679
4909	0.2235683894
4910	0.2235628456
4911	0.2235577703
4912	0.2235527453
4913	0.2235485949
4914	0.2235436804
4915	0.2235399892
4916	0.2235311553
4917	0.2235247904
4918	0.2235205514
4919	0.2235195231
4920	0.2235167988
4921	0.2235134847
4922	0.2235111821
4923	0.2235069632
4924	0.223501781
4925	0.2234980508
4926	0.2234952455
4927	0.2234924365
4928	0.2234890161
4929	0.2234869445
4930	0.223482775
4931	0.2234771221
4932	0.223471986
4933	0.2234685922
4934	0.223464041
4935	0.2234626698
4936	0.2234558315
4937	0.2234497964
4938	0.2234470054
4939	0.2234416702
4940	0.2234367597
4941	0.2234351421
4942	0.2234300776
4943	0.2234249221
4944	0.223421979
4945	0.2234174204
4946	0.2234137024
4947	0.2234091963
4948	0.2234071865
4949	0.2234008501
4950	0.2233957549
4951	0.2233934525
4952	0.2233907892
4953	0.2233884865
4954	0.2233835655
4955	0.2233791614
4956	0.2233772521
4957	0.223366269
4958	0.2233614384
4959	0.2233587154
4960	0.2233557581
4961	0.2233492952
4962	0.2233424249
4963	0.2233389219
4964	0.2233363816
4965	0.2233328202
4966	0.2233312548
4967	0.2233289112
4968	0.2233236703
4969	0.2233217248
4970	0.2233201839
4971	0.2233158161
4972	0.223310844
4973	0.2233105389
4974	0.2233089652
4975	0.2233047871
4976	0.2233001396
4977	0.2232954787
4978	0.2232932747
4979	0.2232910144
4980	0.2232877233
4981	0.2232848371
4982	0.2232811596
4983	0.2232781608
4984	0.2232748979
4985	0.22327005
4986	0.223266112
4987	0.2232620837
4988	0.2232581942
4989	0.2232532384
4990	0.2232479375
4991	0.2232465456
4992	0.2232437374
4993	0.2232386465
4994	0.2232328384
4995	0.2232299801
4996	0.2232233518
4997	0.2232167628
4998	0.2232131983
4999	0.2232110249
5000	0.2232094338
5001	0.2232056419
5002	0.2231991167
5003	0.2231974267
5004	0.2231947134
5005	0.2231896634
5006	0.2231853476
5007	0.2231835917
5008	0.2231787712
5009	0.2231742533
5010	0.2231707909
5011	0.2231691306
5012	0.2231633643
5013	0.2231608541
5014	0.2231577478
5015	0.2231547273
5016	0.2231487535
5017	0.2231447831
5018	0.2231406035
5019	0.2231364495
5020	0.2231341864
5021	0.2231297391
5022	0.2231243266
5023	0.2231175984
5024	0.2231152882
5025	0.2231129342
5026	0.2231080784
5027	0.223103447
5028	0.2230984193
5029	0.2230928149
5030	0.2230876091
5031	0.223086109
5032	0.2230841781
5033	0.2230805712
5034	0.2230772574
5035	0.2230750724
5036	0.2230730509
5037	0.2230695832
5038	0.2230667252
5039	0.2230614952
5040	0.2230556198
5041	0.2230509389
5042	0.2230464298
5043	0.2230387255
5044	0.2230324321
5045	0.2230267067
5046	0.2230240309
5047	0.2230223194
5048	0.2230189725
5049	0.2230166075
5050	0.2230138934
5051	0.2230116724
5052	0.2230047774
5053	0.2230014835
5054	0.2230000321
5055	0.2229979627
5056	0.2229959806
5057	0.2229925082
5058	0.2229898294
5059	0.2229864955
5060	0.2229847907
5061	0.2229792837
5062	0.2229754875
5063	0.2229708149
5064	0.2229665712
5065	0.2229638392
5066	0.2229600012
5067	0.2229543049
5068	0.222951185
5069	0.2229477731
5070	0.2229450552
5071	0.2229427593
5072	0.2229377965
5073	0.2229346273
5074	0.2229302232
5075	0.2229246843
5076	0.2229232215
5077	0.222918091
5078	0.2229160267
5079	0.2229104353
5080	0.222908281
5081	0.2229068859
5082	0.2229021812
5083	0.2228964851
5084	0.2228924268
5085	0.2228882552
5086	0.2228842933
5087	0.2228799968
5088	0.2228768781
5089	0.2228735344
5090	0.2228715048
5091	0.2228681644
5092	0.2228647494
5093	0.2228599056
5094	0.2228571764
5095	0.2228520871
5096	0.2228491125
5097	0.222845613
5098	0.2228422739
5099	0.2228379136
5100	0.2228312897
5101	0.2228309049
5102	0.2228277646
5103	0.2228254444
5104	0.2228216611
5105	0.2228181342
5106	0.2228122573
5107	0.2228077166
5108	0.2228039854
5109	0.222800692
5110	0.2227956524
5111	0.2227928648
5112	0.2227915744
5113	0.2227891818
5114	0.2227863811
5115	0.2227808178
5116	0.2227804833
5117	0.2227754214
5118	0.2227720358
5119	0.2227690933
5120	0.222765771
5121	0.2227597245
5122	0.2227544157
5123	0.2227514194
5124	0.2227493495
5125	0.2227461312
5126	0.2227438868
5127	0.222737351
5128	0.2227330324
5129	0.2227290871
5130	0.222727869
5131	0.2227275488
5132	0.2227247699
5133	0.2227219408
5134	0.2227178885
5135	0.2227142583
5136	0.2227115708
5137	0.2227057733
5138	0.2226991995
5139	0.2226988698
5140	0.2226948265
5141	0.2226912061
5142	0.222687015
5143	0.2226824779
5144	0.2226789529
5145	0.2226757695
5146	0.2226706653
5147	0.2226673115
5148	0.2226641255
5149	0.2226625239
5150	0.2226592653
5151	0.2226544881
5152	0.222652268
5153	0.2226477939
5154	0.2226450243
5155	0.2226417887
5156	0.2226364258
5157	0.2226338879
5158	0.2226286062
5159	0.2226266349
5160	0.2226242034
5161	0.2226183111
5162	0.2226161678
5163	0.2226104613
5164	0.2226082903
5165	0.2226019634
5166	0.2225972268
5167	0.2225932905
5168	0.2225904414
5169	0.2225884006
5170	0.2225846718
5171	0.2225825419
5172	0.2225778911
5173	0.2225750402
5174	0.2225716124
5175	0.2225684547
5176	0.2225634096
5177	0.2225614019
5178	0.2225572854
5179	0.222554268
5180	0.2225498073
5181	0.222546366
5182	0.2225443798
5183	0.2225399079
5184	0.2225353328
5185	0.2225328249
5186	0.2225272662
5187	0.2225228383
5188	0.2225163427
5189	0.2225103125
5190	0.2225080251
5191	0.2225060284
5192	0.2225015548
5193	0.2224975941
5194	0.2224931321
5195	0.2224890461
5196	0.2224855725
5197	0.222480994
5198	0.2224758519
5199	0.2224729098
5200	0.2224690949
5201	0.2224661609
5202	0.2224642692
5203	0.222462261
5204	0.2224584576
5205	0.2224561334
5206	0.2224529057
5207	0.222450868
5208	0.222446321
5209	0.2224418845
5210	0.2224342704
5211	0.2224301481
5212	0.2224268635
5213	0.2224222948
5214	0.2224207607
5215	0.222418404
5216	0.2224134648
5217	0.2224088084
5218	0.2224068698
5219	0.2224018024
5220	0.2223976101
5221	0.2223921407
5222	0.2223903872
5223	0.2223880699
5224	0.2223797677
5225	0.2223752249
5226	0.2223730821
5227	0.2223694299
5228	0.2223682663
5229	0.2223625983
5230	0.2223570903
5231	0.2223566536
5232	0.2223527416
5233	0.2223523849
5234	0.222349269
5235	0.2223465078
5236	0.2223441716
5237	0.2223414676
5238	0.2223359143
5239	0.2223355208
5240	0.2223324712
5241	0.2223289752
5242	0.2223241857
5243	0.2223224895
5244	0.2223181021
5245	0.2223173944
5246	0.2223137461
5247	0.2223129899
5248	0.2223088062
5249	0.2223057087
5250	0.2223037118
5251	0.2222998239
5252	0.222295772
5253	0.2222924399
5254	0.2222876519
5255	0.2222841813
5256	0.2222817011
5257	0.2222773493
5258	0.2222745413
5259	0.2222686107
5260	0.2222677604
5261	0.2222648364
5262	0.2222605477
5263	0.2222575785
5264	0.2222549164
5265	0.222250131
5266	0.2222470393
5267	0.2222460232
5268	0.2222422214
5269	0.2222360816
5270	0.2222339506
5271	0.2222292105
5272	0.2222266972
5273	0.2222240192
5274	0.2222220047
5275	0.2222186521
5276	0.2222155846
5277	0.2222122977
5278	0.2222065205
5279	0.2222005658
5280	0.2221981305
5281	0.222194481
5282	0.2221911863
5283	0.222186773
5284	0.2221834564
5285	0.2221755126
5286	0.2221714474
5287	0.2221672588
5288	0.2221632058
5289	0.2221595926
5290	0.2221553382
5291	0.2221524217
5292	0.2221484468
5293	0.2221450824
5294	0.2221400161
5295	0.2221360678
5296	0.2221318127
5297	0.2221277231
5298	0.2221255805
5299	0.2221224792
5300	0.222119728
5301	0.2221163989
5302	0.2221115431
5303	0.2221078377
5304	0.2221019419
5305	0.2220989044
5306	0.2220961016
5307	0.2220904523
5308	0.2220875668
5309	0.2220853267
5310	0.2220792832
5311	0.2220747823
5312	0.2220744707
5313	0.2220709261
5314	0.2220681577
5315	0.2220643574
5316	0.2220599995
5317	0.2220555503
5318	0.2220509793
5319	0.2220460229
5320	0.2220430175
5321	0.2220388013
5322	0.2220362356
5323	0.2220333137
5324	0.222029427
5325	0.2220252744
5326	0.2220228777
5327	0.2220202534
5328	0.2220157797
5329	0.2220117178
5330	0.2220093961
5331	0.22200442
5332	0.2220023532
5333	0.2219969538
5334	0.2219937305
5335	0.22199183
5336	0.221987016
5337	0.2219812451
5338	0.2219765151
5339	0.2219745199
5340	0.2219714327
5341	0.2219685177
5342	0.2219645118
5343	0.2219601954
5344	0.2219564223
5345	0.2219538991
5346	0.2219487812
5347	0.2219461573
5348	0.2219440809
5349	0.2219395334
5350	0.2219372289
5351	0.221934365
5352	0.2219296083
5353	0.2219246743
5354	0.2219224478
5355	0.2219182468
5356	0.2219159705
5357	0.2219121012
5358	0.2219097195
5359	0.2219046308
5360	0.2219006632
5361	0.2218960347
5362	0.2218918383
5363	0.2218863822
5364	0.2218821688
5365	0.2218766114
5366	0.2218725205
5367	0.2218721821
5368	0.221864291
5369	0.221860869
5370	0.2218583657
5371	0.2218537474
5372	0.2218473242
5373	0.2218452902
5374	0.2218419684
5375	0.2218383265
5376	0.2218345731
5377	0.2218314266
5378	0.2218240684
5379	0.2218186716
5380	0.221816092
5381	0.2218119961
5382	0.2218088532
5383	0.2218054131
5384	0.2218014951
5385	0.2217971467
5386	0.2217954012
5387	0.221792687
5388	0.2217911724
5389	0.2217884502
5390	0.2217862478
5391	0.2217822931
5392	0.2217786362
5393	0.2217737481
5394	0.2217711562
5395	0.2217691458
5396	0.2217651476
5397	0.2217599983
5398	0.2217538907
5399	0.2217476177
5400	0.2217461288
5401	0.2217394931
5402	0.2217355141
5403	0.221733202
5404	0.2217278947
5405	0.2217248194
5406	0.2217225369
5407	0.2217175024
5408	0.221713099
5409	0.2217095863
5410	0.221703783
5411	0.2217012986
5412	0.221699685
5413	0.2216983902
5414	0.2216922982
5415	0.2216900771
5416	0.221685069
5417	0.221682841
5418	0.2216804235
5419	0.221671326
5420	0.2216673118
5421	0.2216654857
5422	0.2216619634
5423	0.2216562889
5424	0.2216541416
5425	0.2216475127
5426	0.2216452981
5427	0.2216396263
5428	0.2216345892
5429	0.2216293731
5430	0.2216278035
5431	0.221623038
5432	0.2216161922
5433	0.2216094218
5434	0.2216044685
5435	0.2216002927
5436	0.2215979358
5437	0.2215959584
5438	0.221589865
5439	0.2215849128
5440	0.221583384
5441	0.2215787818
5442	0.2215756636
5443	0.2215701301
5444	0.2215654972
5445	0.2215602192
5446	0.2215580874
5447	0.2215549707
5448	0.2215506011
5449	0.221545119
5450	0.221541938
5451	0.2215345317
5452	0.2215299057
5453	0.2215274911
5454	0.221523582
5455	0.2215203981
5456	0.221516041
5457	0.2215125716
5458	0.2215102241
5459	0.2215074487
5460	0.2215027584
5461	0.2214979774
5462	0.2214931223
5463	0.2214881046
5464	0.2214846248
5465	0.2214801978
5466	0.2214771684
5467	0.2214729115
5468	0.2214710585
5469	0.2214681819
5470	0.2214647172
5471	0.221462586
5472	0.2214543629
5473	0.2214527829
5474	0.221450658
5475	0.221445585
5476	0.2214416114
5477	0.2214376976
5478	0.2214340767
5479	0.2214309987
5480	0.2214268062
5481	0.2214245312
5482	0.2214204611
5483	0.2214166602
5484	0.2214123901
5485	0.2214075183
5486	0.2214028005
5487	0.2214001857
5488	0.221394532
5489	0.2213919453
5490	0.2213870108
5491	0.2213834022
5492	0.2213797357
5493	0.2213745232
5494	0.2213727431
5495	0.2213678222
5496	0.2213630799
5497	0.2213597186
5498	0.2213562511
5499	0.2213509739
5500	0.2213459699
5501	0.2213416425
5502	0.2213386593
5503	0.2213331286
5504	0.2213327295
5505	0.2213322918
5506	0.2213243127
5507	0.221320621
5508	0.2213173765
5509	0.2213142846
5510	0.221311528
5511	0.2213049878
5512	0.2213035839
5513	0.2213022026
5514	0.2212979643
5515	0.2212944911
5516	0.2212928432
5517	0.2212912434
5518	0.2212867515
5519	0.2212819601
5520	0.2212798935
5521	0.2212767613
5522	0.2212748853
5523	0.2212729503
5524	0.2212697553
5525	0.2212640392
5526	0.2212605356
5527	0.221258333
5528	0.2212541809
5529	0.2212514803
5530	0.2212483131
5531	0.2212463308
5532	0.2212404465
5533	0.2212359153
5534	0.2212311997
5535	0.2212282076
5536	0.2212260515
5537	0.2212218967
5538	0.2212198856
5539	0.2212149159
5540	0.2212092755
5541	0.2212065191
5542	0.2212045125
5543	0.2211984708
5544	0.2211921217
5545	0.2211900487
5546	0.2211862916
5547	0.2211836986
5548	0.2211806544
5549	0.2211782014
5550	0.2211764524
5551	0.2211734671
5552	0.2211701543
5553	0.2211670972
5554	0.2211621233
5555	0.2211618525
5556	0.2211572414
5557	0.2211542177
5558	0.2211492579
5559	0.2211469178
5560	0.2211417282
5561	0.2211386889
5562	0.2211335553
5563	0.2211288271
5564	0.2211274138
5565	0.221123091
5566	0.2211180257
5567	0.2211152003
5568	0.2211077166
5569	0.2211016657
5570	0.2210978111
5571	0.2210919184
5572	0.2210898033
5573	0.2210853073
5574	0.2210825352
5575	0.2210807201
5576	0.2210782488
5577	0.2210750317
5578	0.2210729335
5579	0.2210674841
5580	0.2210626954
5581	0.2210587555
5582	0.2210545135
5583	0.2210502085
5584	0.2210472372
5585	0.2210430813
5586	0.2210416772
5587	0.2210371794
5588	0.2210328853
5589	0.2210283915
5590	0.221023556
5591	0.2210221073
5592	0.2210185922
5593	0.2210155002
5594	0.22101237
5595	0.221011035
5596	0.2210033276
5597	0.2210004406
5598	0.2209965966
5599	0.2209935229
5600	0.2209896022
5601	0.2209876886
5602	0.2209846232
5603	0.2209785387
5604	0.2209744422
5605	0.2209706699
5606	0.2209688782
5607	0.2209659615
5608	0.2209645033
5609	0.2209597157
5610	0.2209534841
5611	0.2209501566
5612	0.2209478551
5613	0.2209450992
5614	0.2209391713
5615	0.2209360612
5616	0.2209308831
5617	0.2209279982
5618	0.2209249419
5619	0.2209200102
5620	0.2209166551
5621	0.2209138911
5622	0.2209089539
5623	0.2209077476
5624	0.2209041674
5625	0.2209007751
5626	0.2208959676
5627	0.2208938768
5628	0.2208885038
5629	0.2208834361
5630	0.2208810761
5631	0.2208764595
5632	0.2208716792
5633	0.2208695383
5634	0.2208649558
5635	0.2208635788
5636	0.2208586075
5637	0.2208565035
5638	0.2208523901
5639	0.220849779
5640	0.2208425592
5641	0.220838793
5642	0.2208357637
5643	0.2208321278
5644	0.2208266205
5645	0.2208235407
5646	0.2208193282
5647	0.2208147579
5648	0.2208106968
5649	0.2208046876
5650	0.2207993549
5651	0.2207956141
5652	0.2207911588
5653	0.2207869712
5654	0.2207825521
5655	0.2207773259
5656	0.2207741274
5657	0.2207693263
5658	0.220764087
5659	0.2207622449
5660	0.2207596323
5661	0.2207593445
5662	0.2207556555
5663	0.22075281
5664	0.2207488474
5665	0.220743834
5666	0.2207424092
5667	0.2207393342
5668	0.2207354908
5669	0.2207330581
5670	0.2207309236
5671	0.2207297193
5672	0.2207251939
5673	0.220723457
5674	0.22072004
5675	0.2207173865
5676	0.2207112508
5677	0.2207054219
5678	0.2207021724
5679	0.2206966977
5680	0.22069165
5681	0.2206895421
5682	0.2206874179
5683	0.2206805876
5684	0.2206792863
5685	0.220675369
5686	0.2206708385
5687	0.2206693279
5688	0.2206656967
5689	0.2206636847
5690	0.2206579775
5691	0.2206553054
5692	0.2206502318
5693	0.220647014
5694	0.220643768
5695	0.2206414288
5696	0.2206366983
5697	0.2206331254
5698	0.2206269052
5699	0.2206242433
5700	0.2206224491
5701	0.2206199515
5702	0.2206178928
5703	0.2206134123
5704	0.2206101683
5705	0.220605201
5706	0.2206021662
5707	0.2205987559
5708	0.2205952391
5709	0.2205925746
5710	0.220589704
5711	0.2205883454
5712	0.2205858358
5713	0.2205826015
5714	0.2205778001
5715	0.2205756384
5716	0.220572198
5717	0.2205699749
5718	0.2205652595
5719	0.2205604258
5720	0.2205574733
5721	0.2205540999
5722	0.220549901
5723	0.2205483481
5724	0.220545462
5725	0.2205404131
5726	0.2205375141
5727	0.2205357022
5728	0.2205306034
5729	0.2205274031
5730	0.2205248296
5731	0.2205212122
5732	0.2205163446
5733	0.2205130161
5734	0.2205104662
5735	0.2205070253
5736	0.220503127
5737	0.2205008753
5738	0.2204956718
5739	0.2204902796
5740	0.2204877676
5741	0.2204856541
5742	0.2204812504
5743	0.2204786218
5744	0.2204748277
5745	0.2204716447
5746	0.220469096
5747	0.2204646382
5748	0.2204584658
5749	0.2204535791
5750	0.2204502789
5751	0.2204455649
5752	0.2204425675
5753	0.2204392286
5754	0.2204363358
5755	0.2204323873
5756	0.2204296017
5757	0.2204249556
5758	0.2204207768
5759	0.2204174619
5760	0.2204117526
5761	0.2204057322
5762	0.2203990666
5763	0.2203938361
5764	0.2203879606
5765	0.2203827215
5766	0.2203803024
5767	0.2203769759
5768	0.2203751268
5769	0.2203728814
5770	0.2203682694
5771	0.2203657845
5772	0.2203626753
5773	0.2203587341
5774	0.2203552717
5775	0.2203510344
5776	0.2203423519
5777	0.220337048
5778	0.2203339339
5779	0.220333
5780	0.2203294543
5781	0.2203238234
5782	0.2203176814
5783	0.2203157827
5784	0.220312155
5785	0.2203058353
5786	0.22030043
5787	0.2202942223
5788	0.2202909132
5789	0.2202882273
5790	0.2202844836
5791	0.220282811
5792	0.2202779384
5793	0.2202742015
5794	0.220272864
5795	0.2202699456
5796	0.2202645203
5797	0.220261031
5798	0.2202575666
5799	0.2202543438
5800	0.2202495863
5801	0.2202461911
5802	0.2202420509
5803	0.2202392226
5804	0.2202347961
5805	0.2202303825
5806	0.2202258926
5807	0.2202220338
5808	0.2202217404
5809	0.22021881
5810	0.2202160576
5811	0.2202123284
5812	0.220208755
5813	0.2202058987
5814	0.2202036128
5815	0.2202023178
5816	0.220197716
5817	0.220195053
5818	0.2201919799
5819	0.220188236
5820	0.220185413
5821	0.2201769634
5822	0.2201724827
5823	0.2201673762
5824	0.2201628867
5825	0.2201571499
5826	0.2201528407
5827	0.2201510903
5828	0.2201448496
5829	0.2201410325
5830	0.2201370903
5831	0.2201328733
5832	0.2201300357
5833	0.2201293542
5834	0.2201268899
5835	0.2201247001
5836	0.2201222578
5837	0.2201202861
5838	0.2201181192
5839	0.2201147987
5840	0.2201126878
5841	0.2201077439
5842	0.2201027369
5843	0.2201000152
5844	0.2200952775
5845	0.2200887854
5846	0.2200851603
5847	0.2200826936
5848	0.2200813395
5849	0.2200785
5850	0.2200761438
5851	0.2200701529
5852	0.2200660305
5853	0.2200618614
5854	0.2200593811
5855	0.2200558006
5856	0.2200535581
5857	0.2200499986
5858	0.2200478652
5859	0.2200439326
5860	0.2200422874
5861	0.2200399705
5862	0.2200371083
5863	0.220032539
5864	0.2200308166
5865	0.2200255339
5866	0.2200213131
5867	0.2200165759
5868	0.2200146743
5869	0.2200117337
5870	0.2200065609
5871	0.2200043553
5872	0.2200007339
5873	0.219999191
5874	0.2199951766
5875	0.2199920756
5876	0.2199894469
5877	0.2199836877
5878	0.2199794422
5879	0.2199752606
5880	0.2199711969
5881	0.2199675312
5882	0.2199656836
5883	0.219963842
5884	0.2199597455
5885	0.2199575236
5886	0.219954743
5887	0.219952846
5888	0.2199507913
5889	0.2199465846
5890	0.2199438587
5891	0.2199392634
5892	0.2199363219
5893	0.2199313962
5894	0.2199278116
5895	0.2199208758
5896	0.2199151167
5897	0.219910539
5898	0.2199065858
5899	0.2199026151
5900	0.2199014032
5901	0.2198984516
5902	0.2198950525
5903	0.2198927377
5904	0.2198881918
5905	0.2198870811
5906	0.2198852175
5907	0.2198826054
5908	0.2198795034
5909	0.2198753618
5910	0.2198735029
5911	0.219866643
5912	0.2198619606
5913	0.2198558432
5914	0.2198537267
5915	0.219852051
5916	0.2198463434
5917	0.2198441129
5918	0.2198398697
5919	0.2198363801
5920	0.2198348302
5921	0.2198305966
5922	0.2198244372
5923	0.2198229386
5924	0.2198208428
5925	0.2198187977
5926	0.2198178285
5927	0.21981161
5928	0.2198065736
5929	0.2198039007
5930	0.2197957157
5931	0.2197926302
5932	0.2197894631
5933	0.2197845504
5934	0.2197821914
5935	0.2197779936
5936	0.2197719915
5937	0.2197687956
5938	0.2197679291
5939	0.2197636457
5940	0.219761026
5941	0.2197564568
5942	0.219751011
5943	0.2197478574
5944	0.2197472254
5945	0.2197450255
5946	0.2197422273
5947	0.2197378228
5948	0.219733476
5949	0.2197305855
5950	0.2197280831
5951	0.2197252525
5952	0.219719843
5953	0.2197169949
5954	0.2197114868
5955	0.2197054223
5956	0.2197021903
5957	0.2196998669
5958	0.2196961615
5959	0.2196944224
5960	0.2196920669
5961	0.2196880944
5962	0.2196852084
5963	0.2196820744
5964	0.2196786837
5965	0.2196739272
5966	0.2196714211
5967	0.2196675677
5968	0.2196649723
5969	0.2196613555
5970	0.2196575661
5971	0.2196523839
5972	0.2196482688
5973	0.2196442082
5974	0.2196425333
5975	0.2196377447
5976	0.2196326785
5977	0.2196291722
5978	0.2196272844
5979	0.2196244409
5980	0.2196218956
5981	0.2196166025
5982	0.2196146846
5983	0.2196101409
5984	0.2196032265
5985	0.2195983273
5986	0.2195973936
5987	0.2195941956
5988	0.2195907876
5989	0.2195873443
5990	0.2195822012
5991	0.2195779225
5992	0.2195738123
5993	0.2195698398
5994	0.2195683945
5995	0.2195612342
5996	0.2195584827
5997	0.2195582105
5998	0.2195534095
5999	0.2195498979
6000	0.2195459127
6001	0.219541127
6002	0.2195370495
6003	0.2195336033
6004	0.2195282432
6005	0.219525185
6006	0.2195228594
6007	0.21952066
6008	0.2195161039
6009	0.2195124598
6010	0.2195112857
6011	0.2195079819
6012	0.2195047947
6013	0.2195025483
6014	0.2194985364
6015	0.2194942199
6016	0.2194888733
6017	0.2194848127
6018	0.21948125
6019	0.2194783218
6020	0.2194737852
6021	0.2194708022
6022	0.2194645566
6023	0.2194602881
6024	0.2194547307
6025	0.2194535895
6026	0.2194506709
6027	0.219445675
6028	0.2194418729
6029	0.2194357807
6030	0.2194301016
6031	0.2194270458
6032	0.2194253421
6033	0.2194237139
6034	0.2194204893
6035	0.2194171496
6036	0.2194135611
6037	0.2194124522
6038	0.219408723
6039	0.2194048142
6040	0.2193998649
6041	0.2193947177
6042	0.2193924487
6043	0.219391073
6044	0.2193879453
6045	0.2193840876
6046	0.2193821439
6047	0.219379722
6048	0.2193767091
6049	0.2193742309
6050	0.2193724554
6051	0.2193695296
6052	0.2193649437
6053	0.2193612735
6054	0.2193578379
6055	0.2193559354
6056	0.2193537712
6057	0.2193511053
6058	0.2193453562
6059	0.2193440044
6060	0.2193368343
6061	0.219332133
6062	0.219327997
6063	0.2193241519
6064	0.2193219263
6065	0.219319658
6066	0.2193160297
6067	0.2193127775
6068	0.2193096528
6069	0.2193080868
6070	0.2193061843
6071	0.219302293
6072	0.2192970777
6073	0.2192968335
6074	0.2192947546
6075	0.2192922942
6076	0.2192915911
6077	0.2192899388
6078	0.2192848658
6079	0.2192810778
6080	0.2192742779
6081	0.2192720097
6082	0.2192660705
6083	0.2192619679
6084	0.2192570442
6085	0.2192533084
6086	0.219250503
6087	0.2192446565
6088	0.2192405689
6089	0.2192378916
6090	0.219229901
6091	0.2192245727
6092	0.2192179374
6093	0.2192131892
6094	0.2192097741
6095	0.2192049003
6096	0.2192022981
6097	0.2191989536
6098	0.2191939124
6099	0.2191905354
6100	0.2191878192
6101	0.2191835759
6102	0.2191779104
6103	0.2191752441
6104	0.2191716259
6105	0.2191660568
6106	0.2191654593
6107	0.2191636374
6108	0.2191584788
6109	0.2191546991
6110	0.2191507394
6111	0.2191455379
6112	0.2191415417
6113	0.2191379454
6114	0.2191330489
6115	0.2191290581
6116	0.2191240575
6117	0.2191211749
6118	0.2191143596
6119	0.2191076648
6120	0.2191066224
6121	0.2191011958
6122	0.2190981825
6123	0.219094442
6124	0.2190895515
6125	0.2190863593
6126	0.2190832646
6127	0.2190827712
6128	0.2190814727
6129	0.2190762266
6130	0.2190738756
6131	0.2190708784
6132	0.2190672586
6133	0.2190661038
6134	0.2190600791
6135	0.2190547145
6136	0.2190505723
6137	0.2190456567
6138	0.2190432088
6139	0.2190395646
6140	0.2190377987
6141	0.2190322665
6142	0.2190292377
6143	0.2190252625
6144	0.2190211626
6145	0.2190167387
6146	0.2190138199
6147	0.2190085945
6148	0.2190047189
6149	0.2189979339
6150	0.2189941957
6151	0.2189911091
6152	0.2189876153
6153	0.2189823474
6154	0.2189779305
6155	0.2189734466
6156	0.2189708704
6157	0.2189668724
6158	0.2189616526
6159	0.2189574559
6160	0.2189541368
6161	0.2189501997
6162	0.2189468524
6163	0.2189428688
6164	0.2189359448
6165	0.2189302466
6166	0.2189291949
6167	0.2189262948
6168	0.2189243035
6169	0.2189218324
6170	0.2189180856
6171	0.2189141597
6172	0.2189109006
6173	0.2189092559
6174	0.2189038653
6175	0.2188980265
6176	0.2188941819
6177	0.218889672
6178	0.2188851416
6179	0.2188830757
6180	0.2188827981
6181	0.2188817329
6182	0.2188798257
6183	0.2188760594
6184	0.2188736635
6185	0.2188705276
6186	0.2188658191
6187	0.2188622711
6188	0.2188618365
6189	0.2188589834
6190	0.2188553305
6191	0.218848899
6192	0.2188472173
6193	0.2188439458
6194	0.2188430016
6195	0.2188418222
6196	0.2188387801
6197	0.2188365607
6198	0.2188334298
6199	0.2188296436
6200	0.2188268188
6201	0.2188223053
6202	0.2188199503
6203	0.2188161845
6204	0.218812243
6205	0.218809404
6206	0.2188073648
6207	0.2188021972
6208	0.2187988374
6209	0.2187956951
6210	0.218792603
6211	0.2187862219
6212	0.218783023
6213	0.2187804882
6214	0.2187781222
6215	0.2187768863
6216	0.2187747666
6217	0.2187726541
6218	0.2187688319
6219	0.2187669166
6220	0.2187656374
6221	0.2187608155
6222	0.218754699
6223	0.2187504329
6224	0.2187490949
6225	0.2187455563
6226	0.2187413159
6227	0.2187397666
6228	0.218736962
6229	0.2187340736
6230	0.2187295207
6231	0.2187264792
6232	0.2187235822
6233	0.2187196594
6234	0.218717346
6235	0.2187138394
6236	0.2187105849
6237	0.2187065212
6238	0.2187024335
6239	0.2186986379
6240	0.2186946065
6241	0.2186889411
6242	0.2186850419
6243	0.2186810277
6244	0.2186793423
6245	0.2186753007
6246	0.2186716754
6247	0.2186681077
6248	0.2186652081
6249	0.2186597764
6250	0.2186580658
6251	0.2186562362
6252	0.2186541119
6253	0.2186497252
6254	0.2186454889
6255	0.2186397528
6256	0.2186353383
6257	0.2186328924
6258	0.2186261693
6259	0.2186231038
6260	0.2186189151
6261	0.2186156426
6262	0.2186136173
6263	0.2186108633
6264	0.2186088988
6265	0.2186059387
6266	0.2186031977
6267	0.2185997161
6268	0.2185944863
6269	0.2185920273
6270	0.2185880634
6271	0.2185819283
6272	0.2185764017
6273	0.2185708894
6274	0.218568931
6275	0.2185664767
6276	0.2185605793
6277	0.2185597997
6278	0.2185557955
6279	0.2185517396
6280	0.2185489873
6281	0.2185454663
6282	0.2185388096
6283	0.2185346512
6284	0.2185304055
6285	0.2185247417
6286	0.218521371
6287	0.2185173749
6288	0.218514575
6289	0.2185116277
6290	0.2185094962
6291	0.2185070408
6292	0.2185024926
6293	0.218495687
6294	0.2184904876
6295	0.2184859002
6296	0.2184822277
6297	0.2184782881
6298	0.2184759512
6299	0.2184731123
6300	0.2184677617
6301	0.2184648626
6302	0.2184615021
6303	0.218456907
6304	0.2184541108
6305	0.2184506328
6306	0.218450379
6307	0.2184474718
6308	0.2184453508
6309	0.2184391786
6310	0.2184350064
6311	0.2184312805
6312	0.2184287901
6313	0.2184250325
6314	0.2184220054
6315	0.2184183623
6316	0.2184155919
6317	0.2184112586
6318	0.2184074442
6319	0.2184017805
6320	0.2183991279
6321	0.2183972669
6322	0.2183947418
6323	0.2183915497
6324	0.2183892958
6325	0.2183875419
6326	0.2183843795
6327	0.2183812574
6328	0.2183796361
6329	0.2183782981
6330	0.2183743389
6331	0.2183694744
6332	0.2183644773
6333	0.2183615427
6334	0.2183601001
6335	0.2183569852
6336	0.2183534275
6337	0.2183480519
6338	0.2183449515
6339	0.2183422326
6340	0.2183389895
6341	0.218336423
6342	0.2183342541
6343	0.2183277374
6344	0.2183257703
6345	0.2183235561
6346	0.2183221087
6347	0.2183180017
6348	0.2183150251
6349	0.2183136165
6350	0.2183110353
6351	0.2183080372
6352	0.2183047796
6353	0.2183031698
6354	0.2183004454
6355	0.2182985165
6356	0.2182950939
6357	0.2182920131
6358	0.2182873822
6359	0.2182849262
6360	0.2182833269
6361	0.2182798812
6362	0.2182761701
6363	0.2182727688
6364	0.2182672283
6365	0.218264016
6366	0.2182613445
6367	0.2182576102
6368	0.2182528287
6369	0.2182491768
6370	0.2182452326
6371	0.2182411213
6372	0.2182352628
6373	0.2182325513
6374	0.2182310133
6375	0.2182257819
6376	0.2182212934
6377	0.2182158571
6378	0.2182118052
6379	0.2182095713
6380	0.218204397
6381	0.2182028263
6382	0.2181988167
6383	0.2181964994
6384	0.2181916832
6385	0.2181857149
6386	0.2181793867
6387	0.2181784899
6388	0.2181746276
6389	0.2181689918
6390	0.2181642184
6391	0.2181597702
6392	0.2181566975
6393	0.2181549963
6394	0.2181513981
6395	0.2181485689
6396	0.2181457422
6397	0.2181425651
6398	0.2181382916
6399	0.2181343607
6400	0.2181328533
6401	0.2181290211
6402	0.2181248295
6403	0.2181210946
6404	0.2181135722
6405	0.2181127032
6406	0.2181076194
6407	0.2181038473
6408	0.2181012433
6409	0.218096703
6410	0.2180919616
6411	0.2180902505
6412	0.2180844624
6413	0.2180797329
6414	0.2180731686
6415	0.2180706502
6416	0.2180655809
6417	0.2180609113
6418	0.2180595076
6419	0.2180538889
6420	0.2180501905
6421	0.2180471673
6422	0.2180428808
6423	0.2180396247
6424	0.2180354352
6425	0.2180281568
6426	0.218025445
6427	0.2180185122
6428	0.2180164678
6429	0.2180112625
6430	0.2180081651
6431	0.2180051232
6432	0.2179982027
6433	0.217994166
6434	0.2179921378
6435	0.2179851252
6436	0.2179796179
6437	0.2179758552
6438	0.2179713556
6439	0.2179678975
6440	0.2179640854
6441	0.2179601467
6442	0.2179580179
6443	0.2179569584
6444	0.2179525809
6445	0.2179483686
6446	0.2179446835
6447	0.2179420185
6448	0.2179382941
6449	0.2179336609
6450	0.2179284749
6451	0.2179233516
6452	0.2179163622
6453	0.2179133311
6454	0.217911601
6455	0.2179087045
6456	0.2179049349
6457	0.21790176
6458	0.2178964407
6459	0.2178916538
6460	0.2178891042
6461	0.2178861806
6462	0.2178840142
6463	0.2178798394
6464	0.2178751749
6465	0.2178717564
6466	0.2178671893
6467	0.2178652668
6468	0.2178614709
6469	0.2178580299
6470	0.2178553625
6471	0.2178538787
6472	0.2178511258
6473	0.217847073
6474	0.2178425776
6475	0.2178384801
6476	0.2178334086
6477	0.2178297258
6478	0.2178294691
6479	0.217827442
6480	0.2178241439
6481	0.2178201284
6482	0.2178138778
6483	0.2178111819
6484	0.2178071605
6485	0.2178039728
6486	0.2178003702
6487	0.2177954527
6488	0.2177913334
6489	0.2177906587
6490	0.2177878453
6491	0.2177834483
6492	0.2177825884
6493	0.2177793488
6494	0.2177758447
6495	0.2177698547
6496	0.217765711
6497	0.2177642811
6498	0.2177621781
6499	0.2177585557
6500	0.2177529085
6501	0.2177493886
6502	0.2177482001
6503	0.217746099
6504	0.2177396842
6505	0.2177383657
6506	0.2177373562
6507	0.2177317378
6508	0.2177280939
6509	0.2177249382
6510	0.2177183604
6511	0.2177137487
6512	0.2177093134
6513	0.2177031655
6514	0.2177007987
6515	0.2176972382
6516	0.2176930389
6517	0.2176889183
6518	0.2176861216
6519	0.2176825544
6520	0.2176802982
6521	0.2176764496
6522	0.2176726038
6523	0.2176690798
6524	0.2176651814
6525	0.217663581
6526	0.2176618495
6527	0.2176601669
6528	0.2176585894
6529	0.2176541857
6530	0.2176488747
6531	0.2176448071
6532	0.2176404427
6533	0.2176384984
6534	0.2176360367
6535	0.2176344895
6536	0.2176327916
6537	0.2176311616
6538	0.2176284471
6539	0.2176238102
6540	0.2176195427
6541	0.21761679
6542	0.2176143373
6543	0.2176088518
6544	0.2176042656
6545	0.2176018378
6546	0.2175963239
6547	0.2175923616
6548	0.217586913
6549	0.2175839043
6550	0.2175815087
6551	0.2175759066
6552	0.2175711211
6553	0.2175662945
6554	0.2175610887
6555	0.2175567429
6556	0.2175530972
6557	0.2175459519
6558	0.2175442679
6559	0.2175428587
6560	0.2175405261
6561	0.2175362178
6562	0.2175295868
6563	0.2175272657
6564	0.2175248758
6565	0.2175218533
6566	0.2175180668
6567	0.2175152514
6568	0.2175114433
6569	0.2175098052
6570	0.2175060501
6571	0.2175030795
6572	0.2175015813
6573	0.2174983956
6574	0.2174968155
6575	0.2174930069
6576	0.217491878
6577	0.2174872358
6578	0.2174849733
6579	0.2174834986
6580	0.21748067
6581	0.2174789295
6582	0.2174750699
6583	0.2174702259
6584	0.2174668118
6585	0.2174626218
6586	0.2174593542
6587	0.217455687
6588	0.2174525573
6589	0.2174503505
6590	0.2174433176
6591	0.2174403992
6592	0.2174393075
6593	0.2174361687
6594	0.2174338489
6595	0.2174306435
6596	0.2174290687
6597	0.2174262859
6598	0.2174218324
6599	0.2174203083
6600	0.2174176065
6601	0.2174155332
6602	0.2174127428
6603	0.2174075163
