iter	Passed	Remaining
0	154	1238303
1	250	1001010
2	345	922092
3	413	825942
4	479	767408
5	556	741998
6	624	713556
7	702	701343
8	775	688326
9	844	674484
10	906	658575
11	982	654333
12	1064	653897
13	1158	661095
14	1239	659682
15	1316	657114
16	1385	650550
17	1467	650548
18	1532	643701
19	1624	648350
20	1705	647969
21	1783	646777
22	1863	646262
23	1949	647775
24	2026	646446
25	2117	649491
26	2238	660880
27	2332	664061
28	2429	667708
29	2509	666776
30	2595	667257
31	2671	665146
32	2772	669355
33	2870	672432
34	2943	669849
35	3026	669484
36	3117	670997
37	3214	673520
38	3302	674056
39	3383	673223
40	3483	676135
41	3580	678420
42	3668	678762
43	3765	680939
44	3849	680525
45	3947	682629
46	4041	683897
47	4140	685911
48	4236	687378
49	4325	687807
50	4424	689632
51	4513	689861
52	4613	691742
53	4716	694030
54	4789	691899
55	4881	692417
56	4969	692517
57	5067	693963
58	5159	694402
59	5258	695824
60	5350	696362
61	5447	697449
62	5535	697340
63	5611	695817
64	5708	696932
65	5800	697254
66	5895	697992
67	5989	698663
68	6082	699096
69	6170	698999
70	6256	698755
71	6337	697869
72	6436	698933
73	6524	698839
74	6623	699866
75	6712	699858
76	6798	699542
77	6892	700014
78	6973	699211
79	7074	700371
80	7170	701009
81	7255	700598
82	7341	700288
83	7433	700549
84	7522	700510
85	7627	701869
86	7725	702685
87	7817	702833
88	7917	703745
89	8004	703525
90	8088	702984
91	8176	702852
92	8262	702492
93	8360	703171
94	8442	702536
95	8534	702662
96	8615	701941
97	8708	702151
98	8810	703160
99	8904	703472
100	8999	703849
101	9088	703761
102	9193	704879
103	9282	704749
104	9385	705672
105	9474	705559
106	9577	706483
107	9673	706877
108	9777	707855
109	9868	707812
110	9972	708798
111	10057	708325
112	10146	708201
113	10228	707545
114	10318	707482
115	10409	707501
116	10499	707446
117	10598	707934
118	10695	708338
119	10790	708549
120	10888	708991
121	10980	709055
122	11076	709341
123	11166	709253
124	11270	710060
125	11372	710699
126	11466	710816
127	11562	711116
128	11647	710688
129	11745	711055
130	11828	710521
131	11927	710943
132	12021	711100
133	12116	711259
134	12212	711513
135	12302	711357
136	12391	711181
137	12485	711285
138	12584	711688
139	12692	712616
140	12799	713438
141	12905	714176
142	13018	715262
143	13126	716096
144	13230	716717
145	13328	717014
146	13435	717737
147	13530	717865
148	13637	718567
149	13741	719120
150	13837	719258
151	13929	719186
152	14025	719313
153	14114	719109
154	14211	719294
155	14302	719171
156	14398	719269
157	14506	720017
158	14608	720396
159	14705	720592
160	14811	721182
161	14913	721541
162	15009	721639
163	15118	722359
164	15211	722306
165	15305	722326
166	15403	722498
167	15494	722344
168	15592	722506
169	15682	722301
170	15786	722766
171	15891	723247
172	15987	723330
173	16075	723044
174	16178	723431
175	16266	723101
176	16366	723367
177	16469	723754
178	16558	723501
179	16650	723387
180	16752	723678
181	16858	724170
182	16959	724452
183	17042	723933
184	17136	723918
185	17233	724002
186	17333	724204
187	17432	724377
188	17530	724515
189	17619	724263
190	17713	724204
191	17801	723922
192	17897	723972
193	17973	723212
194	18070	723270
195	18162	723146
196	18260	723265
197	18352	723171
198	18451	723302
199	18552	723540
200	18656	723877
201	18759	724174
202	18846	723890
203	18941	723862
204	19045	724202
205	19135	723985
206	19237	724232
207	19341	724569
208	19433	724449
209	19543	724959
210	19637	724909
211	19744	725346
212	19836	725210
213	19929	725115
214	20022	724983
215	20109	724671
216	20199	724488
217	20295	724495
218	20367	723637
219	20449	723163
220	20531	722685
221	20615	722273
222	20706	722121
223	20805	722264
224	20898	722167
225	20996	722234
226	21077	721732
227	21167	721564
228	21245	720942
229	21334	720737
230	21417	720299
231	21501	719944
232	21593	719798
233	21684	719669
234	21767	719270
235	21857	719088
236	21956	719192
237	22036	718677
238	22126	718523
239	22200	717814
240	22286	717506
241	22360	716840
242	22454	716798
243	22538	716444
244	22626	716194
245	22707	715739
246	22775	714907
247	22855	714420
248	22934	713914
249	23019	713615
250	23101	713196
251	23182	712782
252	23260	712254
253	23342	711856
254	23414	711157
255	23501	710933
256	23576	710323
257	23652	709758
258	23740	709549
259	23817	709033
260	23884	708210
261	23976	708125
262	24056	707686
263	24130	707108
264	24221	707000
265	24317	707046
266	24395	706541
267	24473	706078
268	24552	705626
269	24638	705385
270	24724	705160
271	24810	704898
272	24882	704271
273	24960	703825
274	25044	703531
275	25122	703060
276	25197	702530
277	25279	702191
278	25359	701785
279	25432	701213
280	25518	700981
281	25612	700986
282	25689	700502
283	25771	700185
284	25861	700088
285	25954	700039
286	26035	699705
287	26107	699103
288	26188	698749
289	26277	698622
290	26353	698129
291	26432	697755
292	26518	697534
293	26593	697030
294	26684	696972
295	26750	696241
296	26830	695865
297	26902	695319
298	26988	695108
299	27074	694910
300	27153	694521
301	27229	694094
302	27301	693542
303	27381	693180
304	27458	692758
305	27542	692530
306	27624	692242
307	27703	691863
308	27778	691393
309	27861	691140
310	27932	690579
311	28010	690218
312	28082	689672
313	28157	689227
314	28229	688722
315	28295	688046
316	28367	687543
317	28430	686813
318	28510	686493
319	28590	686169
320	28680	686104
321	28758	685744
322	28846	685613
323	28907	684865
324	28988	684571
325	29058	684027
326	29137	683702
327	29210	683242
328	29282	682765
329	29355	682287
330	29425	681769
331	29514	681689
332	29582	681098
333	29657	680700
334	29728	680201
335	29817	680122
336	29897	679824
337	29984	679704
338	30065	679444
339	30141	679077
340	30221	678788
341	30296	678383
342	30371	677996
343	30447	677639
344	30541	677656
345	30619	677348
346	30712	677364
347	30790	677027
348	30864	676631
349	30941	676290
350	31029	676198
351	31110	675940
352	31173	675313
353	31249	674948
354	31339	674900
355	31414	674532
356	31504	674481
357	31580	674135
358	31666	673991
359	31746	673736
360	31826	673469
361	31889	672855
362	31969	672591
363	32051	672369
364	32125	671993
365	32208	671793
366	32276	671295
367	32350	670925
368	32439	670850
369	32529	670814
370	32608	670542
371	32696	670449
372	32779	670274
373	32866	670158
374	32944	669861
375	33019	669517
376	33105	669388
377	33191	669266
378	33272	669052
379	33343	668615
380	33415	668222
381	33502	668126
382	33581	667850
383	33669	667787
384	33740	667366
385	33815	667016
386	33897	666835
387	33969	666425
388	34042	666065
389	34113	665641
390	34185	665270
391	34269	665103
392	34338	664667
393	34420	664467
394	34501	664254
395	34594	664283
396	34679	664143
397	34753	663813
398	34829	663511
399	34891	662947
400	34968	662652
401	35046	662394
402	35130	662257
403	35212	662068
404	35285	661703
405	35366	661502
406	35443	661233
407	35520	660956
408	35595	660653
409	35666	660272
410	35734	659819
411	35807	659475
412	35880	659145
413	35960	658925
414	36037	658655
415	36108	658284
416	36196	658229
417	36270	657905
418	36344	657578
419	36425	657386
420	36509	657264
421	36581	656902
422	36646	656431
423	36731	656308
424	36808	656052
425	36888	655845
426	36966	655617
427	37042	655346
428	37122	655134
429	37196	654825
430	37267	654475
431	37327	653927
432	37397	653544
433	37469	653213
434	37534	652748
435	37605	652406
436	37675	652041
437	37741	651594
438	37821	651409
439	37904	651265
440	37969	650815
441	38061	650831
442	38129	650446
443	38206	650201
444	38298	650213
445	38375	649972
446	38454	649763
447	38537	649630
448	38617	649438
449	38687	649092
450	38758	648761
451	38830	648438
452	38905	648174
453	38983	647948
454	39068	647847
455	39139	647517
456	39224	647422
457	39302	647197
458	39379	646976
459	39461	646827
460	39535	646541
461	39616	646375
462	39695	646186
463	39764	645825
464	39850	645750
465	39925	645484
466	40004	645295
467	40077	645013
468	40160	644883
469	40247	644821
470	40326	644619
471	40411	644526
472	40493	644389
473	40573	644206
474	40648	643958
475	40727	643760
476	40805	643559
477	40891	643477
478	40970	643296
479	41049	643103
480	41122	642824
481	41191	642491
482	41264	642209
483	41336	641910
484	41397	641454
485	41481	641348
486	41557	641107
487	41636	640936
488	41713	640714
489	41791	640521
490	41877	640439
491	41946	640111
492	42024	639921
493	42101	639703
494	42172	639402
495	42251	639223
496	42329	639034
497	42412	638919
498	42489	638706
499	42558	638371
500	42640	638243
501	42719	638069
502	42809	638061
503	42893	637959
504	42969	637734
505	43032	637321
506	43114	637187
507	43192	637005
508	43275	636882
509	43364	636863
510	43443	636689
511	43511	636360
512	43588	636157
513	43667	635989
514	43729	635561
515	43817	635520
516	43881	635138
517	43973	635160
518	44019	634509
519	44090	634226
520	44165	633994
521	44242	633802
522	44326	633714
523	44403	633506
524	44490	633464
525	44573	633356
526	44641	633032
527	44717	632822
528	44790	632564
529	44861	632293
530	44941	632147
531	45017	631939
532	45097	631787
533	45178	631647
534	45256	631469
535	45326	631183
536	45409	631076
537	45482	630831
538	45555	630595
539	45621	630252
540	45711	630237
541	45785	630009
542	45872	629961
543	45954	629840
544	46034	629694
545	46104	629419
546	46181	629233
547	46249	628926
548	46326	628746
549	46401	628526
550	46471	628257
551	46553	628139
552	46627	627913
553	46706	627749
554	46781	627542
555	46857	627349
556	46936	627200
557	47013	627013
558	47080	626699
559	47162	626589
560	47231	626302
561	47303	626060
562	47380	625883
563	47446	625554
564	47524	625391
565	47602	625222
566	47688	625159
567	47775	625118
568	47843	624828
569	47918	624620
570	47995	624447
571	48077	624329
572	48165	624297
573	48249	624221
574	48329	624086
575	48408	623931
576	48493	623859
577	48571	623693
578	48639	623406
579	48721	623301
580	48795	623082
581	48878	622988
582	48958	622858
583	49030	622614
584	49101	622377
585	49177	622188
586	49242	621866
587	49312	621600
588	49388	621428
589	49476	621394
590	49542	621083
591	49629	621039
592	49714	620967
593	49787	620747
594	49870	620652
595	49944	620452
596	50026	620349
597	50107	620222
598	50193	620175
599	50274	620049
600	50344	619798
601	50420	619617
602	50494	619419
603	50580	619355
604	50660	619233
605	50728	618949
606	50792	618628
607	50872	618497
608	50947	618307
609	51011	617994
610	51085	617795
611	51164	617656
612	51234	617405
613	51321	617367
614	51403	617260
615	51465	616917
616	51544	616779
617	51618	616577
618	51713	616638
619	51794	616523
620	51868	616330
621	51945	616162
622	52013	615898
623	52085	615675
624	52158	615475
625	52234	615301
626	52307	615092
627	52390	615007
628	52460	614761
629	52529	614511
630	52618	614493
631	52687	614240
632	52764	614087
633	52846	613983
634	52925	613856
635	52993	613593
636	53066	613393
637	53132	613106
638	53209	612950
639	53281	612736
640	53345	612437
641	53419	612243
642	53488	612000
643	53569	611892
644	53639	611653
645	53707	611401
646	53773	611120
647	53854	611021
648	53932	610872
649	54006	610686
650	54091	610626
651	54167	610465
652	54237	610238
653	54321	610167
654	54400	610027
655	54466	609762
656	54549	609680
657	54629	609561
658	54706	609409
659	54774	609160
660	54852	609019
661	54925	608830
662	55008	608748
663	55081	608545
664	55154	608358
665	55230	608195
666	55303	608010
667	55383	607886
668	55458	607720
669	55536	607585
670	55623	607542
671	55705	607455
672	55778	607266
673	55849	607052
674	55937	607023
675	56023	606975
676	56097	606801
677	56174	606648
678	56247	606457
679	56317	606239
680	56411	606276
681	56481	606054
682	56553	605860
683	56633	605746
684	56703	605523
685	56776	605335
686	56851	605169
687	56923	604978
688	56996	604795
689	57061	604522
690	57125	604245
691	57198	604056
692	57290	604068
693	57351	603758
694	57428	603619
695	57509	603522
696	57594	603458
697	57671	603314
698	57750	603201
699	57827	603054
700	57908	602962
701	57984	602802
702	58056	602617
703	58116	602301
704	58191	602138
705	58260	601916
706	58335	601759
707	58425	601754
708	58512	601716
709	58590	601588
710	58674	601513
711	58750	601365
712	58830	601263
713	58896	601008
714	58976	600895
715	59053	600766
716	59132	600649
717	59202	600438
718	59273	600239
719	59358	600184
720	59434	600036
721	59503	599816
722	59581	599683
723	59659	599562
724	59745	599516
725	59818	599336
726	59892	599169
727	59966	599008
728	60040	598844
729	60110	598637
730	60195	598580
731	60271	598431
732	60332	598141
733	60403	597945
734	60491	597917
735	60558	597690
736	60636	597560
737	60716	597453
738	60782	597215
739	60842	596911
740	60908	596668
741	60977	596464
742	61059	596373
743	61137	596255
744	61226	596242
745	61317	596238
746	61394	596114
747	61475	596018
748	61555	595912
749	61627	595734
750	61720	595758
751	61800	595647
752	61865	595406
753	61949	595339
754	62020	595150
755	62102	595068
756	62187	595012
757	62257	594809
758	62338	594717
759	62414	594578
760	62500	594536
761	62560	594243
762	62641	594146
763	62713	593969
764	62783	593779
765	62854	593591
766	62920	593352
767	62992	593178
768	63072	593080
769	63141	592871
770	63212	592688
771	63288	592547
772	63366	592430
773	63449	592359
774	63515	592126
775	63592	592002
776	63662	591804
777	63729	591589
778	63796	591366
779	63880	591306
780	63959	591192
781	64041	591117
782	64119	590992
783	64204	590942
784	64286	590863
785	64365	590754
786	64450	590703
787	64527	590575
788	64599	590404
789	64696	590453
790	64783	590422
791	64851	590211
792	64918	589995
793	64997	589886
794	65078	589800
795	65153	589660
796	65222	589458
797	65301	589350
798	65373	589177
799	65454	589091
800	65529	588946
801	65609	588851
802	65681	588682
803	65754	588522
804	65828	588367
805	65901	588210
806	65975	588055
807	66055	587955
808	66119	587716
809	66197	587606
810	66272	587462
811	66337	587230
812	66418	587141
813	66487	586950
814	66574	586917
815	66642	586716
816	66725	586649
817	66799	586496
818	66879	586401
819	66946	586188
820	67021	586053
821	67100	585946
822	67176	585812
823	67257	585731
824	67327	585543
825	67409	585467
826	67483	585323
827	67573	585311
828	67654	585225
829	67740	585178
830	67826	585136
831	67892	584920
832	67977	584870
833	68056	584767
834	68121	584539
835	68208	584504
836	68289	584413
837	68367	584305
838	68433	584094
839	68509	583963
840	68585	583830
841	68667	583755
842	68746	583656
843	68823	583528
844	68901	583423
845	68981	583329
846	69067	583278
847	69147	583189
848	69228	583098
849	69307	582996
850	69393	582955
851	69472	582849
852	69551	582744
853	69629	582640
854	69706	582520
855	69798	582519
856	69866	582327
857	69959	582345
858	70037	582235
859	70111	582091
860	70179	581892
861	70258	581791
862	70335	581676
863	70421	581629
864	70500	581530
865	70581	581439
866	70657	581313
867	70733	581184
868	70819	581145
869	70898	581037
870	70986	581017
871	71073	580975
872	71168	581008
873	71252	580944
874	71323	580781
875	71399	580652
876	71480	580562
877	71551	580401
878	71620	580215
879	71688	580021
880	71767	579926
881	71849	579845
882	71921	579688
883	71996	579554
884	72075	579455
885	72157	579375
886	72237	579286
887	72307	579110
888	72383	578989
889	72465	578908
890	72539	578766
891	72629	578753
892	72717	578729
893	72799	578650
894	72868	578471
895	72946	578361
896	73021	578228
897	73095	578091
898	73172	577969
899	73245	577822
900	73328	577754
901	73399	577595
902	73487	577567
903	73564	577450
904	73641	577331
905	73707	577130
906	73785	577021
907	73865	576932
908	73926	576693
909	74007	576608
910	74086	576506
911	74167	576422
912	74243	576304
913	74318	576168
914	74385	575980
915	74456	575815
916	74531	575689
917	74623	575687
918	74701	575587
919	74789	575556
920	74865	575429
921	74941	575310
922	75034	575320
923	75106	575168
924	75192	575120
925	75273	575037
926	75350	574926
927	75431	574839
928	75509	574734
929	75580	574576
930	75655	574446
931	75739	574386
932	75820	574301
933	75902	574225
934	75976	574089
935	76064	574056
936	76143	573959
937	76229	573912
938	76306	573802
939	76387	573718
940	76466	573617
941	76555	573595
942	76633	573488
943	76714	573405
944	76802	573378
945	76878	573256
946	76961	573191
947	77029	573007
948	77120	572995
949	77186	572805
950	77270	572744
951	77340	572578
952	77420	572491
953	77497	572376
954	77579	572300
955	77648	572130
956	77717	571958
957	77803	571912
958	77881	571809
959	77955	571673
960	78040	571619
961	78118	571515
962	78198	571422
963	78278	571332
964	78351	571197
965	78442	571183
966	78517	571058
967	78583	570869
968	78656	570729
969	78725	570559
970	78794	570389
971	78872	570284
972	78951	570187
973	79036	570134
974	79109	569994
975	79179	569833
976	79268	569810
977	79352	569744
978	79439	569707
979	79519	569621
980	79595	569501
981	79681	569457
982	79762	569369
983	79843	569291
984	79928	569238
985	80003	569111
986	80087	569051
987	80168	568970
988	80242	568840
989	80331	568812
990	80405	568680
991	80494	568653
992	80581	568612
993	80647	568424
994	80722	568305
995	80801	568208
996	80876	568081
997	80942	567893
998	81023	567810
999	81096	567672
1000	81177	567592
1001	81263	567545
1002	81329	567363
1003	81406	567252
1004	81494	567218
1005	81575	567136
1006	81662	567093
1007	81739	566989
1008	81818	566892
1009	81898	566803
1010	81982	566742
1011	82058	566627
1012	82131	566491
1013	82211	566402
1014	82296	566345
1015	82376	566256
1016	82456	566169
1017	82529	566030
1018	82625	566055
1019	82702	565945
1020	82778	565826
1021	82852	565700
1022	82930	565598
1023	83009	565499
1024	83094	565447
1025	83177	565379
1026	83248	565232
1027	83326	565127
1028	83415	565099
1029	83493	565001
1030	83576	564933
1031	83646	564772
1032	83727	564696
1033	83801	564565
1034	83883	564492
1035	83966	564423
1036	84039	564285
1037	84112	564150
1038	84194	564080
1039	84289	564094
1040	84365	563974
1041	84447	563903
1042	84517	563748
1043	84607	563724
1044	84691	563661
1045	84759	563499
1046	84843	563433
1047	84916	563301
1048	85005	563270
1049	85079	563147
1050	85152	563013
1051	85243	562998
1052	85326	562927
1053	85408	562853
1054	85486	562754
1055	85565	562657
1056	85643	562553
1057	85714	562411
1058	85791	562300
1059	85868	562195
1060	85953	562138
1061	86036	562071
1062	86130	562073
1063	86217	562033
1064	86284	561863
1065	86364	561771
1066	86453	561745
1067	86524	561599
1068	86607	561531
1069	86677	561379
1070	86767	561353
1071	86844	561251
1072	86919	561130
1073	87013	561134
1074	87088	561013
1075	87174	560961
1076	87250	560850
1077	87331	560768
1078	87413	560693
1079	87493	560608
1080	87574	560527
1081	87646	560386
1082	87738	560379
1083	87812	560249
1084	87888	560136
1085	87973	560082
1086	88064	560065
1087	88145	559983
1088	88234	559953
1089	88319	559895
1090	88401	559822
1091	88481	559733
1092	88561	559644
1093	88651	559621
1094	88727	559510
1095	88804	559402
1096	88877	559273
1097	88962	559214
1098	89040	559114
1099	89120	559031
1100	89201	558949
1101	89286	558893
1102	89375	558857
1103	89455	558771
1104	89531	558658
1105	89618	558616
1106	89691	558484
1107	89780	558457
1108	89851	558310
1109	89933	558235
1110	90014	558153
1111	90094	558070
1112	90179	558008
1113	90269	557982
1114	90347	557883
1115	90419	557747
1116	90484	557567
1117	90558	557446
1118	90635	557336
1119	90711	557227
1120	90790	557134
1121	90857	556969
1122	90929	556828
1123	90987	556613
1124	91075	556571
1125	91187	556678
1126	91259	556547
1127	91340	556462
1128	91410	556315
1129	91470	556106
1130	91562	556094
1131	91641	556000
1132	91734	555992
1133	91796	555795
1134	91879	555727
1135	91965	555679
1136	92047	555604
1137	92128	555522
1138	92205	555418
1139	92283	555317
1140	92356	555189
1141	92431	555073
1142	92505	554952
1143	92589	554891
1144	92659	554742
1145	92721	554551
1146	92800	554458
1147	92880	554369
1148	92966	554317
1149	93052	554270
1150	93125	554143
1151	93194	553989
1152	93270	553877
1153	93351	553802
1154	93421	553655
1155	93492	553514
1156	93571	553424
1157	93658	553378
1158	93736	553282
1159	93818	553206
1160	93890	553073
1161	93970	552984
1162	94051	552904
1163	94126	552788
1164	94202	552683
1165	94272	552538
1166	94343	552399
1167	94398	552169
1168	94473	552052
1169	94548	551936
1170	94627	551847
1171	94703	551736
1172	94778	551623
1173	94868	551595
1174	94938	551450
1175	95021	551382
1176	95097	551275
1177	95179	551198
1178	95248	551050
1179	95332	550989
1180	95400	550833
1181	95478	550740
1182	95551	550614
1183	95626	550501
1184	95710	550435
1185	95787	550334
1186	95873	550284
1187	95941	550130
1188	96019	550030
1189	96089	549891
1190	96169	549807
1191	96251	549731
1192	96324	549607
1193	96410	549558
1194	96483	549429
1195	96561	549335
1196	96645	549273
1197	96731	549220
1198	96816	549164
1199	96894	549067
1200	96972	548974
1201	97050	548878
1202	97140	548846
1203	97226	548797
1204	97314	548757
1205	97387	548633
1206	97464	548532
1207	97546	548459
1208	97622	548347
1209	97704	548273
1210	97778	548159
1211	97859	548076
1212	97931	547945
1213	98014	547881
1214	98091	547778
1215	98171	547692
1216	98250	547604
1217	98337	547556
1218	98414	547453
1219	98495	547375
1220	98576	547294
1221	98654	547203
1222	98733	547112
1223	98818	547053
1224	98901	546985
1225	98976	546876
1226	99059	546803
1227	99150	546778
1228	99219	546635
1229	99312	546620
1230	99398	546569
1231	99465	546413
1232	99554	546380
1233	99641	546331
1234	99729	546290
1235	99808	546202
1236	99895	546155
1237	99978	546083
1238	100046	545934
1239	100126	545850
1240	100212	545800
1241	100285	545675
1242	100370	545618
1243	100451	545537
1244	100527	545431
1245	100601	545314
1246	100680	545224
1247	100742	545040
1248	100824	544967
1249	100902	544873
1250	100984	544797
1251	101063	544708
1252	101141	544613
1253	101218	544516
1254	101290	544386
1255	101367	544285
1256	101438	544154
1257	101518	544070
1258	101599	543991
1259	101679	543905
1260	101765	543852
1261	101840	543742
1262	101914	543626
1263	101995	543547
1264	102071	543441
1265	102145	543323
1266	102234	543287
1267	102317	543219
1268	102390	543098
1269	102459	542953
1270	102537	542857
1271	102603	542702
1272	102678	542592
1273	102763	542535
1274	102828	542368
1275	102897	542229
1276	102985	542183
1277	103053	542038
1278	103137	541978
1279	103226	541937
1280	103298	541810
1281	103371	541690
1282	103446	541581
1283	103514	541434
1284	103592	541339
1285	103654	541164
1286	103732	541070
1287	103798	540912
1288	103875	540814
1289	103967	540791
1290	104042	540681
1291	104109	540530
1292	104190	540453
1293	104268	540356
1294	104344	540253
1295	104410	540100
1296	104480	539962
1297	104562	539889
1298	104635	539769
1299	104719	539706
1300	104796	539608
1301	104874	539515
1302	104954	539433
1303	105025	539300
1304	105089	539138
1305	105165	539031
1306	105241	538929
1307	105314	538808
1308	105402	538770
1309	105486	538707
1310	105550	538539
1311	105637	538493
1312	105712	538385
1313	105782	538248
1314	105868	538198
1315	105932	538035
1316	106017	537974
1317	106080	537804
1318	106157	537709
1319	106229	537586
1320	106317	537544
1321	106383	537387
1322	106470	537340
1323	106541	537214
1324	106629	537171
1325	106718	537132
1326	106799	537053
1327	106875	536950
1328	106956	536873
1329	107034	536782
1330	107111	536683
1331	107186	536576
1332	107254	536431
1333	107333	536343
1334	107404	536219
1335	107474	536084
1336	107547	535969
1337	107634	535919
1338	107705	535793
1339	107788	535723
1340	107865	535627
1341	107939	535516
1342	108004	535357
1343	108079	535250
1344	108150	535121
1345	108214	534961
1346	108304	534928
1347	108384	534846
1348	108456	534725
1349	108535	534639
1350	108627	534612
1351	108700	534497
1352	108777	534400
1353	108851	534290
1354	108926	534184
1355	109002	534079
1356	109081	533990
1357	109161	533910
1358	109246	533852
1359	109327	533773
1360	109395	533636
1361	109474	533547
1362	109559	533491
1363	109628	533352
1364	109709	533276
1365	109783	533163
1366	109852	533027
1367	109932	532945
1368	110023	532918
1369	110098	532813
1370	110180	532741
1371	110257	532642
1372	110345	532601
1373	110421	532500
1374	110490	532364
1375	110575	532303
1376	110652	532207
1377	110734	532134
1378	110806	532014
1379	110896	531981
1380	110972	531880
1381	111050	531787
1382	111129	531700
1383	111212	531634
1384	111288	531532
1385	111371	531463
1386	111450	531379
1387	111540	531344
1388	111626	531292
1389	111709	531221
1390	111783	531110
1391	111862	531024
1392	111930	530885
1393	112015	530828
1394	112090	530724
1395	112173	530652
1396	112242	530522
1397	112311	530387
1398	112389	530295
1399	112465	530195
1400	112554	530154
1401	112611	529965
1402	112696	529905
1403	112760	529751
1404	112840	529665
1405	112922	529595
1406	112994	529476
1407	113066	529355
1408	113133	529214
1409	113204	529091
1410	113256	528880
1411	113316	528703
1412	113406	528668
1413	113491	528610
1414	113571	528530
1415	113658	528481
1416	113731	528365
1417	113805	528254
1418	113884	528172
1419	113969	528110
1420	114043	528003
1421	114128	527946
1422	114203	527842
1423	114281	527749
1424	114359	527658
1425	114431	527542
1426	114509	527449
1427	114596	527402
1428	114675	527312
1429	114756	527238
1430	114829	527126
1431	114915	527069
1432	114990	526965
1433	115070	526883
1434	115140	526757
1435	115213	526642
1436	115290	526550
1437	115375	526491
1438	115450	526385
1439	115520	526261
1440	115606	526205
1441	115679	526092
1442	115761	526021
1443	115831	525894
1444	115914	525826
1445	115985	525703
1446	116048	525545
1447	116113	525399
1448	116202	525355
1449	116278	525258
1450	116362	525193
1451	116440	525105
1452	116513	524993
1453	116596	524923
1454	116663	524784
1455	116737	524678
1456	116817	524596
1457	116894	524501
1458	116965	524380
1459	117047	524310
1460	117134	524259
1461	117220	524202
1462	117311	524171
1463	117385	524065
1464	117472	524015
1465	117554	523944
1466	117624	523820
1467	117710	523763
1468	117786	523665
1469	117865	523579
1470	117945	523499
1471	118017	523381
1472	118095	523293
1473	118175	523211
1474	118261	523157
1475	118348	523108
1476	118415	522967
1477	118489	522862
1478	118576	522811
1479	118644	522676
1480	118719	522573
1481	118780	522411
1482	118861	522334
1483	118935	522227
1484	119008	522115
1485	119075	521975
1486	119153	521889
1487	119222	521759
1488	119294	521643
1489	119367	521533
1490	119449	521461
1491	119524	521358
1492	119596	521242
1493	119670	521134
1494	119739	521006
1495	119824	520946
1496	119905	520872
1497	119983	520783
1498	120076	520760
1499	120157	520682
1500	120235	520593
1501	120298	520441
1502	120377	520353
1503	120453	520256
1504	120537	520195
1505	120620	520124
1506	120710	520087
1507	120802	520059
1508	120878	519963
1509	120964	519905
1510	121036	519793
1511	121101	519646
1512	121174	519534
1513	121254	519457
1514	121334	519374
1515	121407	519263
1516	121492	519207
1517	121569	519113
1518	121656	519062
1519	121737	518986
1520	121818	518909
1521	121894	518813
1522	121977	518744
1523	122060	518678
1524	122139	518592
1525	122213	518485
1526	122286	518375
1527	122362	518280
1528	122438	518181
1529	122523	518123
1530	122599	518023
1531	122674	517925
1532	122743	517795
1533	122818	517694
1534	122900	517624
1535	122983	517556
1536	123050	517422
1537	123116	517281
1538	123202	517226
1539	123263	517067
1540	123340	516971
1541	123421	516896
1542	123494	516787
1543	123575	516712
1544	123651	516617
1545	123732	516540
1546	123809	516447
1547	123892	516379
1548	123956	516231
1549	124020	516085
1550	124086	515946
1551	124157	515827
1552	124246	515786
1553	124339	515759
1554	124428	515718
1555	124508	515637
1556	124583	515536
1557	124651	515409
1558	124726	515306
1559	124784	515134
1560	124861	515042
1561	124942	514968
1562	125017	514869
1563	125089	514753
1564	125166	514662
1565	125245	514579
1566	125331	514524
1567	125413	514449
1568	125487	514345
1569	125556	514222
1570	125638	514149
1571	125709	514035
1572	125792	513964
1573	125863	513850
1574	125938	513750
1575	126014	513653
1576	126089	513554
1577	126168	513468
1578	126256	513421
1579	126331	513320
1580	126410	513238
1581	126487	513144
1582	126561	513040
1583	126638	512949
1584	126718	512871
1585	126790	512757
1586	126865	512657
1587	126947	512586
1588	127033	512529
1589	127111	512445
1590	127190	512359
1591	127269	512275
1592	127355	512218
1593	127435	512140
1594	127512	512047
1595	127590	511960
1596	127661	511846
1597	127740	511762
1598	127824	511697
1599	127899	511598
1600	127967	511470
1601	128026	511307
1602	128097	511189
1603	128156	511028
1604	128228	510917
1605	128302	510814
1606	128363	510659
1607	128445	510587
1608	128525	510508
1609	128589	510363
1610	128664	510265
1611	128742	510177
1612	128814	510066
1613	128887	509960
1614	128964	509869
1615	129050	509811
1616	129124	509711
1617	129209	509649
1618	129289	509570
1619	129356	509439
1620	129434	509353
1621	129517	509285
1622	129600	509218
1623	129681	509144
1624	129763	509071
1625	129846	509002
1626	129926	508925
1627	130005	508841
1628	130082	508751
1629	130152	508632
1630	130240	508586
1631	130327	508532
1632	130396	508412
1633	130471	508313
1634	130546	508212
1635	130620	508111
1636	130696	508013
1637	130768	507903
1638	130838	507786
1639	130911	507679
1640	130970	507521
1641	131046	507426
1642	131126	507347
1643	131198	507236
1644	131265	507107
1645	131348	507042
1646	131421	506933
1647	131507	506877
1648	131578	506763
1649	131645	506636
1650	131708	506489
1651	131791	506423
1652	131862	506311
1653	131929	506183
1654	132006	506090
1655	132082	505996
1656	132166	505935
1657	132258	505901
1658	132326	505776
1659	132399	505671
1660	132475	505576
1661	132558	505507
1662	132629	505396
1663	132697	505270
1664	132780	505204
1665	132858	505115
1666	132953	505096
1667	133033	505016
1668	133107	504915
1669	133180	504811
1670	133263	504742
1671	133341	504656
1672	133427	504600
1673	133498	504486
1674	133584	504430
1675	133658	504329
1676	133734	504237
1677	133810	504140
1678	133888	504053
1679	133960	503946
1680	134023	503805
1681	134100	503715
1682	134170	503598
1683	134238	503475
1684	134295	503310
1685	134384	503263
1686	134482	503252
1687	134570	503203
1688	134653	503137
1689	134748	503115
1690	134829	503038
1691	134928	503030
1692	135007	502948
1693	135097	502905
1694	135185	502858
1695	135279	502830
1696	135370	502794
1697	135459	502748
1698	135538	502665
1699	135621	502596
1700	135706	502538
1701	135782	502442
1702	135869	502389
1703	135947	502302
1704	136029	502233
1705	136108	502149
1706	136176	502027
1707	136260	501962
1708	136344	501898
1709	136415	501787
1710	136501	501728
1711	136581	501648
1712	136656	501553
1713	136738	501480
1714	136823	501420
1715	136892	501301
1716	136979	501248
1717	137053	501146
1718	137125	501036
1719	137207	500966
1720	137292	500906
1721	137363	500794
1722	137437	500694
1723	137514	500603
1724	137590	500511
1725	137666	500418
1726	137731	500281
1727	137804	500178
1728	137878	500079
1729	137958	500000
1730	138034	499907
1731	138111	499815
1732	138184	499712
1733	138263	499631
1734	138348	499568
1735	138423	499474
1736	138496	499367
1737	138580	499304
1738	138661	499230
1739	138725	499093
1740	138796	498983
1741	138885	498935
1742	138968	498866
1743	139038	498751
1744	139093	498583
1745	139167	498483
1746	139248	498408
1747	139323	498312
1748	139404	498237
1749	139487	498170
1750	139571	498106
1751	139642	497996
1752	139710	497874
1753	139781	497762
1754	139867	497704
1755	139953	497647
1756	140032	497565
1757	140115	497499
1758	140170	497331
1759	140239	497211
1760	140319	497132
1761	140415	497112
1762	140491	497019
1763	140575	496956
1764	140662	496900
1765	140742	496822
1766	140823	496746
1767	140893	496634
1768	140980	496578
1769	141052	496471
1770	141127	496376
1771	141211	496313
1772	141289	496226
1773	141366	496137
1774	141448	496067
1775	141534	496010
1776	141610	495916
1777	141689	495832
1778	141773	495767
1779	141855	495697
1780	141932	495607
1781	142016	495545
1782	142091	495447
1783	142166	495352
1784	142250	495285
1785	142326	495195
1786	142389	495056
1787	142469	494976
1788	142544	494881
1789	142621	494792
1790	142699	494706
1791	142759	494560
1792	142839	494480
1793	142921	494410
1794	142999	494322
1795	143071	494216
1796	143156	494156
1797	143228	494049
1798	143309	493976
1799	143396	493922
1800	143469	493818
1801	143539	493706
1802	143603	493573
1803	143678	493475
1804	143762	493411
1805	143824	493270
1806	143903	493188
1807	143977	493091
1808	144054	493001
1809	144133	492920
1810	144208	492823
1811	144299	492784
1812	144387	492733
1813	144474	492679
1814	144556	492606
1815	144642	492549
1816	144719	492458
1817	144816	492438
1818	144875	492288
1819	144964	492243
1820	145036	492137
1821	145115	492052
1822	145191	491963
1823	145267	491871
1824	145343	491778
1825	145420	491691
1826	145504	491626
1827	145585	491550
1828	145666	491476
1829	145745	491392
1830	145824	491311
1831	145891	491188
1832	145967	491096
1833	146048	491021
1834	146131	490952
1835	146217	490894
1836	146302	490833
1837	146387	490773
1838	146471	490705
1839	146536	490577
1840	146611	490482
1841	146687	490391
1842	146766	490310
1843	146850	490245
1844	146941	490201
1845	147021	490125
1846	147098	490035
1847	147169	489929
1848	147245	489837
1849	147332	489781
1850	147412	489704
1851	147482	489589
1852	147553	489483
1853	147634	489406
1854	147707	489307
1855	147776	489191
1856	147852	489098
1857	147912	488955
1858	147979	488834
1859	148060	488759
1860	148127	488638
1861	148194	488517
1862	148278	488449
1863	148344	488325
1864	148422	488242
1865	148500	488156
1866	148568	488038
1867	148650	487968
1868	148738	487917
1869	148811	487814
1870	148887	487723
1871	148954	487604
1872	149030	487511
1873	149121	487469
1874	149189	487352
1875	149268	487272
1876	149335	487149
1877	149417	487078
1878	149501	487014
1879	149596	486983
1880	149669	486882
1881	149738	486769
1882	149825	486712
1883	149908	486645
1884	149975	486524
1885	150063	486473
1886	150147	486406
1887	150226	486326
1888	150294	486208
1889	150361	486090
1890	150434	485989
1891	150508	485889
1892	150571	485758
1893	150650	485677
1894	150730	485600
1895	150824	485564
1896	150905	485490
1897	150976	485383
1898	151050	485286
1899	151126	485195
1900	151213	485140
1901	151288	485044
1902	151359	484938
1903	151439	484860
1904	151514	484766
1905	151589	484672
1906	151670	484599
1907	151753	484529
1908	151830	484441
1909	151903	484340
1910	151977	484243
1911	152048	484138
1912	152130	484065
1913	152200	483955
1914	152279	483875
1915	152363	483811
1916	152437	483713
1917	152520	483645
1918	152585	483520
1919	152661	483427
1920	152730	483315
1921	152807	483226
1922	152877	483118
1923	152950	483017
1924	153027	482931
1925	153100	482830
1926	153168	482715
1927	153235	482596
1928	153311	482504
1929	153378	482387
1930	153462	482321
1931	153529	482204
1932	153613	482138
1933	153693	482061
1934	153763	481951
1935	153844	481876
1936	153915	481769
1937	153981	481650
1938	154070	481599
1939	154132	481464
1940	154218	481406
1941	154295	481320
1942	154377	481246
1943	154455	481164
1944	154524	481052
1945	154596	480948
1946	154680	480882
1947	154752	480780
1948	154830	480697
1949	154901	480590
1950	154979	480509
1951	155061	480437
1952	155147	480376
1953	155234	480319
1954	155321	480266
1955	155404	480195
1956	155474	480088
1957	155554	480010
1958	155632	479926
1959	155700	479810
1960	155779	479730
1961	155844	479607
1962	155932	479553
1963	156014	479483
1964	156099	479418
1965	156184	479358
1966	156251	479240
1967	156333	479167
1968	156418	479104
1969	156504	479046
1970	156587	478977
1971	156666	478897
1972	156741	478803
1973	156807	478684
1974	156875	478569
1975	156950	478477
1976	157034	478410
1977	157119	478349
1978	157200	478273
1979	157279	478192
1980	157360	478117
1981	157428	478005
1982	157493	477880
1983	157558	477758
1984	157630	477654
1985	157705	477561
1986	157778	477464
1987	157858	477385
1988	157939	477312
1989	158026	477254
1990	158103	477169
1991	158196	477129
1992	158276	477054
1993	158366	477004
1994	158451	476942
1995	158519	476830
1996	158592	476729
1997	158662	476621
1998	158744	476551
1999	158821	476463
2000	158908	476408
2001	158982	476311
2002	159063	476237
2003	159136	476139
2004	159217	476063
2005	159287	475957
2006	159368	475881
2007	159451	475813
2008	159535	475746
2009	159604	475636
2010	159663	475498
2011	159759	475465
2012	159838	475387
2013	159920	475315
2014	159998	475230
2015	160066	475118
2016	160145	475038
2017	160234	474987
2018	160300	474867
2019	160382	474794
2020	160457	474702
2021	160527	474595
2022	160592	474474
2023	160673	474400
2024	160745	474298
2025	160812	474183
2026	160894	474110
2027	160978	474045
2028	161064	473985
2029	161147	473917
2030	161221	473821
2031	161306	473757
2032	161375	473649
2033	161443	473537
2034	161511	473424
2035	161592	473348
2036	161676	473283
2037	161755	473203
2038	161840	473140
2039	161913	473040
2040	161990	472954
2041	162071	472881
2042	162134	472752
2043	162201	472639
2044	162276	472546
2045	162360	472480
2046	162443	472410
2047	162504	472278
2048	162589	472215
2049	162662	472117
2050	162726	471995
2051	162796	471888
2052	162864	471776
2053	162936	471674
2054	163011	471583
2055	163066	471432
2056	163138	471333
2057	163220	471262
2058	163305	471199
2059	163372	471084
2060	163444	470983
2061	163521	470898
2062	163604	470828
2063	163691	470772
2064	163762	470667
2065	163828	470552
2066	163909	470477
2067	163986	470390
2068	164065	470311
2069	164136	470206
2070	164223	470151
2071	164301	470066
2072	164367	469949
2073	164430	469824
2074	164495	469702
2075	164574	469625
2076	164660	469565
2077	164725	469443
2078	164797	469343
2079	164880	469275
2080	164955	469182
2081	165038	469115
2082	165112	469020
2083	165191	468942
2084	165262	468838
2085	165349	468782
2086	165431	468710
2087	165500	468599
2088	165575	468510
2089	165650	468417
2090	165731	468344
2091	165802	468241
2092	165872	468137
2093	165947	468046
2094	166039	468002
2095	166127	467946
2096	166209	467874
2097	166287	467793
2098	166374	467735
2099	166457	467665
2100	166541	467600
2101	166614	467503
2102	166676	467374
2103	166754	467294
2104	166842	467239
2105	166925	467168
2106	167008	467099
2107	167079	466998
2108	167160	466922
2109	167234	466829
2110	167309	466738
2111	167389	466660
2112	167452	466538
2113	167521	466428
2114	167607	466367
2115	167687	466291
2116	167763	466204
2117	167849	466142
2118	167926	466056
2119	168006	465980
2120	168089	465912
2121	168163	465817
2122	168239	465729
2123	168302	465605
2124	168387	465542
2125	168453	465426
2126	168523	465321
2127	168585	465193
2128	168667	465123
2129	168743	465034
2130	168823	464959
2131	168905	464887
2132	168979	464792
2133	169053	464699
2134	169122	464591
2135	169193	464490
2136	169267	464396
2137	169347	464320
2138	169429	464249
2139	169492	464123
2140	169572	464047
2141	169641	463939
2142	169706	463821
2143	169785	463741
2144	169857	463644
2145	169922	463525
2146	170012	463475
2147	170090	463392
2148	170154	463273
2149	170215	463145
2150	170297	463072
2151	170362	462954
2152	170446	462889
2153	170507	462760
2154	170582	462670
2155	170644	462543
2156	170718	462452
2157	170794	462365
2158	170878	462298
2159	170958	462220
2160	171024	462106
2161	171105	462033
2162	171179	461939
2163	171261	461868
2164	171343	461797
2165	171416	461699
2166	171495	461620
2167	171552	461482
2168	171619	461369
2169	171696	461285
2170	171761	461169
2171	171846	461106
2172	171929	461037
2173	172003	460943
2174	172088	460882
2175	172164	460793
2176	172247	460724
2177	172330	460654
2178	172405	460566
2179	172483	460482
2180	172560	460399
2181	172627	460287
2182	172702	460197
2183	172785	460127
2184	172860	460039
2185	172937	459954
2186	173002	459836
2187	173071	459731
2188	173147	459643
2189	173219	459544
2190	173300	459471
2191	173367	459359
2192	173448	459285
2193	173513	459171
2194	173586	459074
2195	173652	458960
2196	173729	458876
2197	173792	458755
2198	173863	458654
2199	173947	458588
2200	174004	458451
2201	174080	458364
2202	174161	458289
2203	174249	458235
2204	174329	458158
2205	174408	458080
2206	174492	458013
2207	174569	457928
2208	174647	457845
2209	174730	457778
2210	174797	457667
2211	174868	457568
2212	174936	457459
2213	174996	457330
2214	175077	457255
2215	175150	457162
2216	175224	457068
2217	175302	456988
2218	175375	456894
2219	175451	456805
2220	175515	456687
2221	175588	456593
2222	175665	456509
2223	175750	456445
2224	175832	456373
2225	175916	456307
2226	175983	456198
2227	176050	456087
2228	176121	455988
2229	176200	455909
2230	176281	455835
2231	176356	455746
2232	176437	455670
2233	176517	455596
2234	176595	455513
2235	176665	455411
2236	176752	455353
2237	176818	455241
2238	176897	455162
2239	176969	455065
2240	177055	455003
2241	177119	454884
2242	177203	454818
2243	177273	454717
2244	177353	454641
2245	177436	454571
2246	177503	454462
2247	177585	454391
2248	177654	454285
2249	177734	454211
2250	177811	454125
2251	177889	454043
2252	177964	453955
2253	178041	453872
2254	178108	453763
2255	178194	453700
2256	178272	453618
2257	178348	453532
2258	178438	453482
2259	178513	453391
2260	178591	453311
2261	178645	453168
2262	178730	453104
2263	178807	453020
2264	178872	452907
2265	178943	452807
2266	179014	452709
2267	179088	452616
2268	179163	452527
2269	179238	452438
2270	179313	452349
2271	179392	452271
2272	179448	452134
2273	179521	452039
2274	179600	451961
2275	179665	451848
2276	179729	451730
2277	179808	451653
2278	179893	451587
2279	179968	451500
2280	180040	451402
2281	180109	451300
2282	180174	451185
2283	180263	451132
2284	180329	451020
2285	180400	450922
2286	180485	450859
2287	180556	450758
2288	180633	450677
2289	180718	450612
2290	180804	450550
2291	180881	450467
2292	180968	450409
2293	181046	450326
2294	181132	450267
2295	181213	450192
2296	181295	450119
2297	181377	450050
2298	181458	449975
2299	181538	449899
2300	181618	449824
2301	181689	449725
2302	181770	449651
2303	181844	449558
2304	181929	449496
2305	182026	449461
2306	182110	449396
2307	182191	449322
2308	182263	449225
2309	182347	449160
2310	182424	449074
2311	182507	449005
2312	182585	448925
2313	182668	448854
2314	182751	448786
2315	182829	448706
2316	182908	448627
2317	182977	448524
2318	183054	448440
2319	183136	448367
2320	183213	448285
2321	183283	448185
2322	183368	448119
2323	183435	448012
2324	183509	447921
2325	183585	447834
2326	183672	447776
2327	183748	447689
2328	183814	447578
2329	183902	447521
2330	183976	447432
2331	184053	447346
2332	184131	447266
2333	184202	447168
2334	184273	447071
2335	184346	446977
2336	184419	446883
2337	184490	446786
2338	184570	446708
2339	184647	446625
2340	184720	446532
2341	184793	446438
2342	184873	446364
2343	184939	446253
2344	185020	446179
2345	185097	446095
2346	185172	446007
2347	185242	445907
2348	185329	445847
2349	185392	445730
2350	185456	445617
2351	185528	445521
2352	185614	445458
2353	185691	445375
2354	185757	445264
2355	185841	445199
2356	185912	445101
2357	185991	445022
2358	186059	444918
2359	186129	444818
2360	186211	444746
2361	186284	444652
2362	186367	444585
2363	186443	444498
2364	186527	444432
2365	186612	444367
2366	186702	444314
2367	186769	444207
2368	186849	444132
2369	186923	444041
2370	187007	443974
2371	187093	443914
2372	187174	443838
2373	187259	443775
2374	187339	443697
2375	187414	443611
2376	187493	443532
2377	187553	443408
2378	187616	443292
2379	187700	443226
2380	187774	443134
2381	187864	443081
2382	187941	442999
2383	188027	442936
2384	188100	442843
2385	188179	442766
2386	188259	442690
2387	188340	442616
2388	188420	442539
2389	188501	442465
2390	188553	442325
2391	188635	442252
2392	188721	442191
2393	188798	442106
2394	188880	442036
2395	188960	441960
2396	189039	441880
2397	189108	441779
2398	189183	441691
2399	189263	441615
2400	189333	441514
2401	189402	441414
2402	189477	441324
2403	189562	441261
2404	189633	441163
2405	189703	441064
2406	189787	440997
2407	189875	440940
2408	189950	440852
2409	190030	440775
2410	190106	440691
2411	190172	440582
2412	190259	440521
2413	190328	440421
2414	190404	440336
2415	190479	440247
2416	190552	440155
2417	190622	440055
2418	190698	439971
2419	190778	439895
2420	190864	439831
2421	190936	439736
2422	191014	439656
2423	191094	439579
2424	191166	439484
2425	191250	439418
2426	191334	439351
2427	191405	439255
2428	191483	439173
2429	191566	439104
2430	191644	439024
2431	191718	438934
2432	191792	438843
2433	191866	438753
2434	191943	438670
2435	192028	438607
2436	192104	438522
2437	192187	438452
2438	192268	438379
2439	192336	438275
2440	192405	438174
2441	192462	438046
2442	192543	437970
2443	192621	437891
2444	192705	437822
2445	192769	437711
2446	192841	437616
2447	192925	437550
2448	193012	437490
2449	193091	437410
2450	193172	437338
2451	193252	437262
2452	193332	437184
2453	193414	437113
2454	193500	437051
2455	193574	436961
2456	193652	436879
2457	193731	436802
2458	193803	436708
2459	193889	436646
2460	193959	436547
2461	194020	436428
2462	194106	436364
2463	194191	436301
2464	194272	436226
2465	194347	436139
2466	194417	436041
2467	194495	435960
2468	194566	435863
2469	194631	435754
2470	194712	435678
2471	194789	435596
2472	194847	435471
2473	194937	435419
2474	195004	435314
2475	195082	435231
2476	195151	435132
2477	195240	435075
2478	195313	434984
2479	195397	434917
2480	195474	434835
2481	195559	434770
2482	195648	434713
2483	195724	434627
2484	195806	434556
2485	195888	434485
2486	195964	434398
2487	196048	434331
2488	196130	434261
2489	196205	434174
2490	196279	434085
2491	196361	434011
2492	196440	433933
2493	196518	433854
2494	196593	433766
2495	196671	433686
2496	196760	433629
2497	196837	433545
2498	196917	433470
2499	197002	433406
2500	197083	433330
2501	197162	433253
2502	197234	433158
2503	197322	433101
2504	197392	433003
2505	197477	432936
2506	197550	432846
2507	197638	432787
2508	197714	432702
2509	197787	432611
2510	197863	432526
2511	197936	432435
2512	198009	432344
2513	198085	432257
2514	198158	432166
2515	198229	432070
2516	198313	432003
2517	198376	431890
2518	198447	431794
2519	198531	431726
2520	198593	431611
2521	198681	431553
2522	198764	431482
2523	198837	431391
2524	198922	431327
2525	198998	431242
2526	199073	431154
2527	199150	431073
2528	199234	431006
2529	199316	430933
2530	199387	430837
2531	199469	430764
2532	199542	430674
2533	199620	430594
2534	199695	430507
2535	199770	430420
2536	199854	430352
2537	199938	430284
2538	200016	430203
2539	200091	430117
2540	200163	430024
2541	200226	429911
2542	200285	429790
2543	200361	429705
2544	200438	429623
2545	200525	429561
2546	200612	429500
2547	200680	429399
2548	200764	429331
2549	200844	429255
2550	200916	429162
2551	200984	429061
2552	201060	428976
2553	201121	428860
2554	201211	428805
2555	201294	428735
2556	201378	428666
2557	201450	428574
2558	201521	428480
2559	201599	428398
2560	201687	428340
2561	201769	428267
2562	201849	428191
2563	201926	428110
2564	201996	428012
2565	202068	427918
2566	202147	427840
2567	202212	427732
2568	202300	427673
2569	202365	427566
2570	202440	427479
2571	202525	427413
2572	202589	427304
2573	202680	427250
2574	202761	427177
2575	202838	427094
2576	202909	427000
2577	202990	426925
2578	203057	426821
2579	203142	426757
2580	203214	426664
2581	203292	426582
2582	203368	426498
2583	203431	426387
2584	203507	426302
2585	203595	426243
2586	203677	426171
2587	203754	426090
2588	203840	426025
2589	203911	425930
2590	204002	425878
2591	204066	425768
2592	204153	425706
2593	204227	425617
2594	204312	425552
2595	204392	425475
2596	204474	425404
2597	204530	425277
2598	204611	425205
2599	204686	425118
2600	204774	425058
2601	204859	424993
2602	204944	424926
2603	205026	424854
2604	205100	424766
2605	205194	424719
2606	205276	424648
2607	205361	424582
2608	205439	424502
2609	205520	424427
2610	205606	424362
2611	205683	424280
2612	205767	424214
2613	205832	424105
2614	205907	424019
2615	205982	423933
2616	206057	423847
2617	206134	423764
2618	206210	423680
2619	206296	423616
2620	206377	423541
2621	206468	423488
2622	206545	423405
2623	206625	423330
2624	206701	423246
2625	206782	423172
2626	206865	423102
2627	206946	423028
2628	207031	422962
2629	207117	422896
2630	207199	422825
2631	207273	422736
2632	207355	422664
2633	207435	422587
2634	207516	422513
2635	207603	422453
2636	207683	422375
2637	207760	422293
2638	207845	422227
2639	207919	422139
2640	207995	422055
2641	208086	422001
2642	208164	421920
2643	208248	421852
2644	208322	421765
2645	208412	421708
2646	208490	421629
2647	208570	421551
2648	208654	421484
2649	208733	421405
2650	208813	421328
2651	208883	421232
2652	208959	421149
2653	209041	421075
2654	209117	420991
2655	209195	420911
2656	209266	420816
2657	209337	420722
2658	209422	420656
2659	209488	420551
2660	209552	420442
2661	209627	420357
2662	209696	420259
2663	209775	420181
2664	209849	420093
2665	209931	420021
2666	210000	419921
2667	210082	419850
2668	210154	419757
2669	210210	419632
2670	210291	419560
2671	210365	419471
2672	210440	419385
2673	210512	419293
2674	210581	419194
2675	210661	419119
2676	210732	419025
2677	210806	418935
2678	210879	418847
2679	210967	418785
2680	211050	418715
2681	211126	418631
2682	211201	418546
2683	211276	418460
2684	211354	418378
2685	211423	418281
2686	211505	418210
2687	211589	418141
2688	211656	418038
2689	211728	417947
2690	211806	417867
2691	211879	417777
2692	211956	417694
2693	212030	417607
2694	212121	417551
2695	212185	417444
2696	212241	417321
2697	212321	417246
2698	212403	417172
2699	212470	417072
2700	212549	416993
2701	212635	416929
2702	212704	416831
2703	212782	416751
2704	212867	416684
2705	212948	416610
2706	213027	416533
2707	213097	416437
2708	213180	416366
2709	213251	416274
2710	213320	416175
2711	213401	416102
2712	213478	416020
2713	213546	415920
2714	213633	415856
2715	213717	415788
2716	213794	415708
2717	213877	415637
2718	213948	415543
2719	214035	415481
2720	214101	415376
2721	214187	415313
2722	214261	415225
2723	214342	415151
2724	214414	415060
2725	214501	414997
2726	214572	414902
2727	214645	414812
2728	214728	414742
2729	214813	414676
2730	214895	414604
2731	214975	414528
2732	215045	414433
2733	215131	414368
2734	215198	414267
2735	215265	414165
2736	215336	414072
2737	215417	413998
2738	215491	413911
2739	215570	413832
2740	215651	413758
2741	215729	413678
2742	215794	413573
2743	215886	413520
2744	215971	413453
2745	216044	413363
2746	216118	413276
2747	216203	413210
2748	216273	413113
2749	216347	413027
2750	216434	412963
2751	216500	412860
2752	216567	412761
2753	216645	412679
2754	216716	412588
2755	216784	412488
2756	216860	412404
2757	216945	412337
2758	217035	412280
2759	217104	412184
2760	217172	412085
2761	217253	412011
2762	217323	411916
2763	217410	411853
2764	217487	411771
2765	217555	411671
2766	217636	411598
2767	217708	411506
2768	217776	411408
2769	217844	411308
2770	217921	411227
2771	217996	411141
2772	218078	411070
2773	218155	410987
2774	218228	410897
2775	218302	410811
2776	218391	410752
2777	218473	410679
2778	218548	410593
2779	218613	410490
2780	218685	410399
2781	218755	410304
2782	218836	410230
2783	218917	410155
2784	218984	410055
2785	219051	409954
2786	219126	409869
2787	219218	409816
2788	219294	409732
2789	219365	409640
2790	219445	409564
2791	219513	409464
2792	219600	409402
2793	219672	409310
2794	219748	409227
2795	219826	409147
2796	219901	409062
2797	219979	408981
2798	220046	408883
2799	220131	408814
2800	220211	408740
2801	220295	408671
2802	220363	408571
2803	220445	408499
2804	220528	408429
2805	220622	408379
2806	220700	408299
2807	220768	408201
2808	220843	408116
2809	220926	408044
2810	221009	407975
2811	221092	407903
2812	221176	407835
2813	221244	407737
2814	221315	407644
2815	221402	407582
2816	221473	407489
2817	221549	407406
2818	221612	407297
2819	221693	407223
2820	221779	407159
2821	221847	407060
2822	221916	406964
2823	221996	406888
2824	222077	406814
2825	222147	406720
2826	222225	406640
2827	222310	406573
2828	222395	406506
2829	222474	406427
2830	222553	406350
2831	222631	406271
2832	222710	406193
2833	222780	406099
2834	222862	406026
2835	222942	405949
2836	223022	405873
2837	223094	405782
2838	223176	405711
2839	223243	405611
2840	223316	405523
2841	223400	405453
2842	223478	405374
2843	223558	405298
2844	223625	405198
2845	223706	405123
2846	223787	405050
2847	223858	404957
2848	223946	404895
2849	224017	404803
2850	224096	404724
2851	224174	404646
2852	224257	404575
2853	224329	404485
2854	224406	404402
2855	224490	404334
2856	224569	404256
2857	224660	404199
2858	224746	404135
2859	224817	404042
2860	224902	403975
2861	224984	403903
2862	225064	403826
2863	225138	403739
2864	225214	403656
2865	225287	403568
2866	225370	403496
2867	225454	403429
2868	225526	403337
2869	225613	403273
2870	225687	403187
2871	225762	403102
2872	225853	403045
2873	225929	402962
2874	226004	402878
2875	226081	402795
2876	226145	402691
2877	226223	402612
2878	226298	402526
2879	226372	402439
2880	226461	402380
2881	226542	402304
2882	226621	402227
2883	226710	402166
2884	226788	402086
2885	226860	401997
2886	226942	401924
2887	227024	401851
2888	227101	401770
2889	227183	401697
2890	227274	401642
2891	227346	401550
2892	227420	401464
2893	227504	401394
2894	227569	401293
2895	227646	401210
2896	227720	401124
2897	227787	401026
2898	227879	400970
2899	227956	400888
2900	228025	400794
2901	228102	400712
2902	228178	400628
2903	228268	400570
2904	228352	400500
2905	228428	400418
2906	228504	400334
2907	228581	400253
2908	228654	400164
2909	228718	400060
2910	228781	399955
2911	228860	399877
2912	228941	399802
2913	229021	399727
2914	229083	399618
2915	229163	399543
2916	229238	399458
2917	229306	399361
2918	229376	399268
2919	229462	399201
2920	229531	399106
2921	229615	399037
2922	229690	398953
2923	229764	398866
2924	229837	398777
2925	229890	398655
2926	229960	398560
2927	230049	398500
2928	230124	398416
2929	230196	398326
2930	230276	398249
2931	230356	398173
2932	230437	398100
2933	230513	398016
2934	230586	397929
2935	230666	397852
2936	230741	397767
2937	230825	397697
2938	230911	397632
2939	230983	397543
2940	231051	397446
2941	231132	397372
2942	231211	397293
2943	231287	397210
2944	231365	397132
2945	231427	397024
2946	231491	396920
2947	231563	396832
2948	231636	396742
2949	231707	396651
2950	231772	396550
2951	231841	396455
2952	231903	396347
2953	231973	396254
2954	232053	396179
2955	232139	396112
2956	232216	396032
2957	232289	395945
2958	232370	395869
2959	232437	395772
2960	232500	395667
2961	232588	395604
2962	232656	395508
2963	232723	395410
2964	232789	395311
2965	232868	395233
2966	232963	395182
2967	233041	395102
2968	233124	395031
2969	233206	394958
2970	233287	394884
2971	233379	394828
2972	233448	394734
2973	233531	394663
2974	233611	394587
2975	233696	394519
2976	233776	394444
2977	233851	394359
2978	233930	394280
2979	234006	394198
2980	234085	394121
2981	234155	394028
2982	234232	393947
2983	234298	393848
2984	234374	393765
2985	234447	393677
2986	234533	393610
2987	234617	393542
2988	234695	393462
2989	234765	393368
2990	234851	393304
2991	234928	393223
2992	235013	393154
2993	235100	393090
2994	235184	393020
2995	235257	392933
2996	235330	392845
2997	235411	392771
2998	235487	392688
2999	235571	392619
3000	235656	392552
3001	235744	392487
3002	235816	392399
3003	235912	392349
3004	236002	392290
3005	236069	392192
3006	236148	392114
3007	236226	392035
3008	236300	391949
3009	236376	391866
3010	236454	391787
3011	236530	391705
3012	236607	391623
3013	236703	391573
3014	236771	391477
3015	236863	391422
3016	236939	391339
3017	237017	391259
3018	237084	391161
3019	237170	391096
3020	237248	391016
3021	237324	390933
3022	237400	390851
3023	237483	390779
3024	237548	390679
3025	237617	390584
3026	237705	390521
3027	237780	390437
3028	237844	390335
3029	237927	390264
3030	237999	390174
3031	238079	390098
3032	238136	389984
3033	238204	389889
3034	238285	389814
3035	238370	389747
3036	238453	389674
3037	238530	389594
3038	238613	389524
3039	238697	389453
3040	238777	389378
3041	238865	389315
3042	238929	389212
3043	239015	389146
3044	239088	389057
3045	239157	388964
3046	239229	388874
3047	239299	388782
3048	239373	388697
3049	239454	388622
3050	239533	388545
3051	239613	388468
3052	239694	388395
3053	239778	388324
3054	239870	388269
3055	239953	388197
3056	240035	388124
3057	240106	388032
3058	240181	387949
3059	240263	387876
3060	240338	387792
3061	240415	387710
3062	240494	387634
3063	240575	387559
3064	240650	387474
3065	240725	387390
3066	240809	387320
3067	240883	387234
3068	240968	387166
3069	241043	387082
3070	241132	387021
3071	241220	386958
3072	241302	386885
3073	241371	386791
3074	241451	386715
3075	241529	386635
3076	241601	386545
3077	241678	386465
3078	241752	386379
3079	241831	386301
3080	241916	386234
3081	241986	386141
3082	242073	386076
3083	242153	386000
3084	242232	385922
3085	242320	385859
3086	242387	385763
3087	242462	385678
3088	242547	385610
3089	242620	385523
3090	242694	385437
3091	242769	385353
3092	242846	385271
3093	242928	385200
3094	242997	385106
3095	243078	385032
3096	243158	384955
3097	243242	384885
3098	243312	384792
3099	243376	384691
3100	243456	384615
3101	243525	384522
3102	243601	384439
3103	243680	384361
3104	243755	384277
3105	243825	384186
3106	243898	384098
3107	243972	384013
3108	244052	383937
3109	244129	383856
3110	244211	383783
3111	244300	383721
3112	244387	383655
3113	244465	383576
3114	244548	383505
3115	244630	383432
3116	244712	383359
3117	244790	383279
3118	244877	383214
3119	244955	383136
3120	245042	383071
3121	245120	382991
3122	245197	382910
3123	245283	382842
3124	245364	382768
3125	245444	382693
3126	245521	382611
3127	245592	382521
3128	245669	382439
3129	245750	382366
3130	245833	382294
3131	245915	382220
3132	245989	382136
3133	246059	382043
3134	246142	381972
3135	246215	381885
3136	246287	381797
3137	246369	381723
3138	246449	381646
3139	246523	381562
3140	246611	381497
3141	246683	381408
3142	246755	381321
3143	246836	381246
3144	246921	381177
3145	246997	381094
3146	247074	381014
3147	247155	380940
3148	247237	380866
3149	247316	380788
3150	247395	380710
3151	247464	380618
3152	247530	380520
3153	247607	380439
3154	247678	380349
3155	247744	380251
3156	247821	380171
3157	247905	380100
3158	247977	380012
3159	248067	379950
3160	248146	379874
3161	248229	379802
3162	248297	379707
3163	248378	379633
3164	248446	379538
3165	248531	379470
3166	248604	379382
3167	248683	379304
3168	248765	379231
3169	248849	379162
3170	248918	379068
3171	248994	378986
3172	249067	378899
3173	249139	378811
3174	249223	378741
3175	249294	378651
3176	249383	378589
3177	249470	378523
3178	249551	378448
3179	249622	378358
3180	249702	378282
3181	249781	378204
3182	249851	378113
3183	249928	378032
3184	249998	377940
3185	250074	377858
3186	250153	377781
3187	250227	377696
3188	250316	377633
3189	250383	377538
3190	250456	377450
3191	250527	377360
3192	250605	377281
3193	250679	377196
3194	250761	377123
3195	250843	377050
3196	250925	376976
3197	251009	376906
3198	251091	376833
3199	251163	376745
3200	251243	376669
3201	251325	376595
3202	251397	376507
3203	251477	376431
3204	251562	376362
3205	251644	376289
3206	251720	376207
3207	251796	376124
3208	251877	376050
3209	251961	375979
3210	252043	375906
3211	252114	375817
3212	252189	375732
3213	252259	375642
3214	252337	375562
3215	252411	375477
3216	252497	375409
3217	252589	375351
3218	252664	375268
3219	252752	375204
3220	252805	375088
3221	252880	375003
3222	252967	374937
3223	253042	374853
3224	253125	374782
3225	253205	374706
3226	253283	374627
3227	253367	374556
3228	253432	374458
3229	253511	374381
3230	253597	374312
3231	253669	374225
3232	253752	374154
3233	253829	374072
3234	253906	373992
3235	253984	373912
3236	254065	373837
3237	254143	373758
3238	254225	373686
3239	254309	373615
3240	254383	373530
3241	254450	373434
3242	254532	373361
3243	254615	373289
3244	254692	373208
3245	254775	373137
3246	254862	373071
3247	254932	372980
3248	255025	372922
3249	255100	372839
3250	255170	372748
3251	255245	372664
3252	255317	372576
3253	255390	372490
3254	255465	372407
3255	255546	372331
3256	255620	372246
3257	255687	372151
3258	255751	372052
3259	255835	371981
3260	255903	371888
3261	255983	371812
3262	256067	371741
3263	256145	371662
3264	256238	371605
3265	256334	371551
3266	256429	371497
3267	256515	371429
3268	256603	371365
3269	256691	371300
3270	256772	371225
3271	256864	371165
3272	256945	371090
3273	257032	371024
3274	257106	370939
3275	257191	370870
3276	257287	370817
3277	257388	370770
3278	257485	370718
3279	257573	370654
3280	257659	370587
3281	257745	370518
3282	257826	370444
3283	257909	370371
3284	257996	370305
3285	258079	370233
3286	258162	370161
3287	258238	370079
3288	258324	370010
3289	258396	369923
3290	258474	369843
3291	258551	369763
3292	258626	369679
3293	258700	369594
3294	258773	369508
3295	258849	369426
3296	258933	369355
3297	259005	369266
3298	259078	369181
3299	259170	369120
3300	259246	369039
3301	259324	368960
3302	259403	368881
3303	259475	368795
3304	259535	368689
3305	259607	368602
3306	259680	368515
3307	259752	368428
3308	259838	368359
3309	259906	368266
3310	259980	368181
3311	260065	368111
3312	260147	368038
3313	260227	367961
3314	260311	367891
3315	260381	367801
3316	260455	367715
3317	260523	367621
3318	260597	367537
3319	260684	367471
3320	260758	367386
3321	260838	367309
3322	260909	367220
3323	260980	367131
3324	261050	367041
3325	261133	366968
3326	261222	366904
3327	261304	366830
3328	261370	366735
3329	261444	366651
3330	261524	366574
3331	261606	366500
3332	261695	366436
3333	261778	366364
3334	261856	366284
3335	261941	366215
3336	262008	366120
3337	262096	366055
3338	262178	365982
3339	262257	365903
3340	262340	365832
3341	262422	365758
3342	262500	365678
3343	262575	365595
3344	262658	365522
3345	262735	365442
3346	262807	365355
3347	262887	365279
3348	262969	365204
3349	263055	365136
3350	263128	365050
3351	263212	364979
3352	263300	364913
3353	263375	364830
3354	263446	364741
3355	263515	364649
3356	263593	364570
3357	263675	364497
3358	263752	364416
3359	263830	364337
3360	263909	364259
3361	263995	364190
3362	264072	364110
3363	264147	364027
3364	264228	363952
3365	264318	363889
3366	264398	363813
3367	264480	363739
3368	264549	363646
3369	264617	363554
3370	264699	363481
3371	264783	363409
3372	264865	363335
3373	264946	363261
3374	265013	363166
3375	265093	363089
3376	265164	363000
3377	265249	362932
3378	265322	362844
3379	265401	362768
3380	265476	362684
3381	265553	362603
3382	265621	362510
3383	265693	362423
3384	265775	362350
3385	265849	362264
3386	265923	362180
3387	265998	362097
3388	266083	362028
3389	266167	361956
3390	266245	361877
3391	266330	361807
3392	266416	361739
3393	266490	361653
3394	266569	361577
3395	266642	361490
3396	266715	361405
3397	266797	361331
3398	266874	361249
3399	266946	361163
3400	267026	361086
3401	267104	361006
3402	267191	360939
3403	267268	360859
3404	267337	360768
3405	267420	360696
3406	267500	360619
3407	267572	360532
3408	267650	360453
3409	267735	360383
3410	267816	360308
3411	267895	360229
3412	267970	360146
3413	268052	360073
3414	268134	359998
3415	268208	359914
3416	268282	359830
3417	268366	359758
3418	268450	359687
3419	268535	359617
3420	268621	359549
3421	268699	359469
3422	268783	359398
3423	268862	359321
3424	268950	359254
3425	269036	359186
3426	269121	359116
3427	269200	359038
3428	269268	358946
3429	269352	358874
3430	269434	358801
3431	269507	358715
3432	269582	358631
3433	269665	358559
3434	269753	358493
3435	269832	358415
3436	269912	358338
3437	269994	358264
3438	270067	358178
3439	270144	358099
3440	270232	358033
3441	270307	357949
3442	270389	357875
3443	270458	357783
3444	270541	357711
3445	270621	357635
3446	270699	357555
3447	270781	357481
3448	270857	357400
3449	270932	357316
3450	270999	357222
3451	271075	357141
3452	271152	357060
3453	271224	356973
3454	271295	356885
3455	271375	356809
3456	271451	356726
3457	271525	356642
3458	271617	356581
3459	271684	356487
3460	271766	356413
3461	271845	356335
3462	271932	356268
3463	272010	356188
3464	272081	356100
3465	272160	356023
3466	272234	355939
3467	272309	355856
3468	272386	355774
3469	272466	355698
3470	272545	355620
3471	272622	355540
3472	272703	355464
3473	272782	355386
3474	272865	355314
3475	272951	355245
3476	273029	355166
3477	273118	355101
3478	273207	355036
3479	273285	354957
3480	273368	354884
3481	273444	354802
3482	273516	354714
3483	273585	354624
3484	273658	354539
3485	273738	354462
3486	273807	354371
3487	273876	354280
3488	273950	354196
3489	274021	354108
3490	274095	354023
3491	274183	353957
3492	274270	353889
3493	274352	353816
3494	274436	353744
3495	274519	353671
3496	274597	353592
3497	274678	353517
3498	274761	353444
3499	274842	353368
3500	274913	353280
3501	274995	353206
3502	275073	353128
3503	275153	353050
3504	275220	352957
3505	275300	352880
3506	275376	352798
3507	275451	352715
3508	275539	352650
3509	275614	352567
3510	275684	352477
3511	275760	352395
3512	275832	352308
3513	275898	352213
3514	275970	352127
3515	276054	352056
3516	276127	351970
3517	276202	351887
3518	276274	351800
3519	276334	351698
3520	276420	351629
3521	276502	351555
3522	276579	351474
3523	276661	351400
3524	276743	351327
3525	276832	351262
3526	276907	351179
3527	276987	351101
3528	277079	351040
3529	277167	350973
3530	277250	350900
3531	277329	350823
3532	277396	350730
3533	277476	350653
3534	277557	350578
3535	277637	350501
3536	277705	350409
3537	277789	350338
3538	277868	350260
3539	277949	350184
3540	278035	350115
3541	278120	350045
3542	278197	349964
3543	278287	349901
3544	278378	349838
3545	278460	349764
3546	278542	349689
3547	278622	349613
3548	278698	349531
3549	278760	349432
3550	278852	349370
3551	278919	349278
3552	279008	349212
3553	279084	349130
3554	279148	349034
3555	279231	348960
3556	279305	348876
3557	279384	348799
3558	279460	348716
3559	279529	348626
3560	279612	348554
3561	279693	348478
3562	279775	348403
3563	279865	348339
3564	279949	348267
3565	280031	348194
3566	280107	348112
3567	280184	348032
3568	280258	347947
3569	280324	347853
3570	280401	347773
3571	280487	347703
3572	280563	347621
3573	280647	347550
3574	280727	347473
3575	280810	347400
3576	280883	347316
3577	280967	347243
3578	281038	347155
3579	281125	347088
3580	281201	347006
3581	281272	346918
3582	281354	346844
3583	281433	346766
3584	281512	346688
3585	281584	346602
3586	281656	346515
3587	281735	346437
3588	281809	346353
3589	281887	346273
3590	281971	346202
3591	282051	346126
3592	282142	346062
3593	282222	345985
3594	282310	345918
3595	282384	345834
3596	282461	345753
3597	282543	345680
3598	282611	345588
3599	282689	345509
3600	282755	345416
3601	282831	345333
3602	282911	345257
3603	282999	345190
3604	283085	345121
3605	283165	345044
3606	283240	344961
3607	283317	344881
3608	283394	344800
3609	283466	344713
3610	283535	344624
3611	283622	344555
3612	283705	344482
3613	283773	344391
3614	283849	344309
3615	283917	344218
3616	283999	344144
3617	284082	344071
3618	284153	343983
3619	284239	343913
3620	284313	343830
3621	284396	343756
3622	284458	343659
3623	284535	343578
3624	284607	343491
3625	284682	343408
3626	284747	343314
3627	284834	343245
3628	284903	343155
3629	284989	343086
3630	285071	343011
3631	285153	342938
3632	285239	342868
3633	285316	342787
3634	285387	342700
3635	285458	342613
3636	285532	342528
3637	285607	342446
3638	285681	342362
3639	285764	342289
3640	285835	342201
3641	285914	342123
3642	285995	342048
3643	286084	341982
3644	286160	341901
3645	286230	341811
3646	286304	341728
3647	286380	341646
3648	286451	341559
3649	286542	341495
3650	286626	341423
3651	286706	341346
3652	286792	341277
3653	286869	341196
3654	286949	341120
3655	287015	341027
3656	287102	340959
3657	287178	340877
3658	287252	340793
3659	287332	340716
3660	287417	340645
3661	287488	340558
3662	287574	340488
3663	287659	340418
3664	287728	340328
3665	287809	340252
3666	287880	340165
3667	287948	340074
3668	288026	339995
3669	288105	339917
3670	288187	339843
3671	288264	339762
3672	288347	339689
3673	288419	339603
3674	288506	339535
3675	288577	339447
3676	288652	339365
3677	288739	339296
3678	288803	339200
3679	288884	339125
3680	288974	339059
3681	289051	338979
3682	289131	338902
3683	289212	338827
3684	289283	338739
3685	289367	338668
3686	289452	338597
3687	289528	338515
3688	289599	338428
3689	289675	338347
3690	289748	338262
3691	289832	338189
3692	289908	338109
3693	289987	338030
3694	290069	337956
3695	290147	337877
3696	290215	337786
3697	290301	337716
3698	290368	337625
3699	290450	337550
3700	290520	337462
3701	290595	337379
3702	290664	337289
3703	290740	337209
3704	290811	337121
3705	290891	337045
3706	290972	336968
3707	291035	336873
3708	291118	336800
3709	291192	336715
3710	291265	336631
3711	291346	336554
3712	291430	336482
3713	291515	336411
3714	291595	336335
3715	291680	336264
3716	291766	336194
3717	291841	336112
3718	291928	336043
3719	292006	335964
3720	292089	335891
3721	292167	335812
3722	292247	335734
3723	292318	335647
3724	292392	335564
3725	292473	335488
3726	292555	335414
3727	292629	335330
3728	292702	335246
3729	292785	335173
3730	292865	335096
3731	292956	335032
3732	293029	334946
3733	293105	334865
3734	293189	334793
3735	293277	334725
3736	293349	334639
3737	293418	334550
3738	293489	334463
3739	293570	334388
3740	293654	334315
3741	293724	334227
3742	293797	334143
3743	293872	334060
3744	293958	333990
3745	294032	333906
3746	294109	333826
3747	294181	333740
3748	294259	333661
3749	294328	333572
3750	294405	333492
3751	294471	333399
3752	294553	333325
3753	294626	333240
3754	294706	333163
3755	294795	333096
3756	294869	333013
3757	294950	332938
3758	295018	332847
3759	295092	332763
3760	295176	332691
3761	295259	332618
3762	295347	332550
3763	295423	332469
3764	295502	332391
3765	295583	332316
3766	295656	332231
3767	295738	332156
3768	295802	332062
3769	295880	331982
3770	295957	331901
3771	296028	331815
3772	296100	331730
3773	296173	331644
3774	296247	331561
3775	296317	331473
3776	296400	331400
3777	296477	331319
3778	296565	331252
3779	296640	331170
3780	296735	331109
3781	296823	331042
3782	296902	330964
3783	296982	330887
3784	297063	330811
3785	297147	330739
3786	297220	330654
3787	297296	330573
3788	297383	330504
3789	297472	330437
3790	297545	330353
3791	297612	330262
3792	297685	330176
3793	297767	330103
3794	297837	330014
3795	297921	329942
3796	297997	329861
3797	298073	329780
3798	298146	329695
3799	298229	329622
3800	298311	329547
3801	298397	329477
3802	298476	329399
3803	298571	329338
3804	298651	329262
3805	298731	329185
3806	298806	329103
3807	298876	329015
3808	298956	328938
3809	299039	328864
3810	299122	328791
3811	299197	328708
3812	299266	328620
3813	299345	328542
3814	299426	328467
3815	299513	328397
3816	299586	328312
3817	299666	328235
3818	299747	328160
3819	299822	328078
3820	299888	327986
3821	299972	327913
3822	300044	327827
3823	300131	327758
3824	300215	327686
3825	300292	327605
3826	300368	327525
3827	300445	327444
3828	300511	327352
3829	300595	327279
3830	300670	327197
3831	300746	327116
3832	300826	327039
3833	300915	326972
3834	301000	326901
3835	301070	326813
3836	301156	326743
3837	301231	326660
3838	301311	326584
3839	301393	326509
3840	301473	326433
3841	301552	326354
3842	301618	326263
3843	301691	326178
3844	301773	326103
3845	301848	326022
3846	301907	325922
3847	301980	325837
3848	302042	325741
3849	302129	325672
3850	302203	325589
3851	302288	325516
3852	302361	325432
3853	302442	325356
3854	302531	325289
3855	302609	325211
3856	302682	325126
3857	302764	325052
3858	302846	324977
3859	302925	324899
3860	303011	324828
3861	303085	324746
3862	303169	324672
3863	303238	324583
3864	303317	324506
3865	303398	324430
3866	303479	324354
3867	303561	324280
3868	303632	324193
3869	303712	324117
3870	303784	324031
3871	303876	323967
3872	303950	323884
3873	304023	323800
3874	304102	323722
3875	304186	323649
3876	304272	323578
3877	304347	323496
3878	304430	323422
3879	304504	323340
3880	304580	323258
3881	304662	323184
3882	304741	323105
3883	304827	323035
3884	304906	322958
3885	304990	322884
3886	305057	322794
3887	305131	322710
3888	305205	322628
3889	305284	322550
3890	305365	322474
3891	305442	322393
3892	305521	322316
3893	305599	322236
3894	305680	322161
3895	305752	322076
3896	305834	322001
3897	305912	321922
3898	305984	321837
3899	306067	321763
3900	306151	321691
3901	306236	321618
3902	306312	321538
3903	306386	321454
3904	306463	321375
3905	306561	321317
3906	306630	321228
3907	306717	321158
3908	306799	321084
3909	306874	321001
3910	306952	320922
3911	307036	320849
3912	307111	320767
3913	307192	320692
3914	307270	320613
3915	307347	320532
3916	307429	320458
3917	307507	320378
3918	307584	320299
3919	307669	320227
3920	307745	320145
3921	307833	320077
3922	307909	319996
3923	307988	319919
3924	308069	319842
3925	308144	319761
3926	308224	319683
3927	308306	319609
3928	308381	319526
3929	308465	319454
3930	308546	319377
3931	308631	319306
3932	308710	319228
3933	308791	319152
3934	308868	319072
3935	308937	318984
3936	309019	318909
3937	309097	318830
3938	309185	318761
3939	309267	318686
3940	309343	318605
3941	309422	318527
3942	309510	318459
3943	309578	318369
3944	309659	318293
3945	309724	318201
3946	309810	318130
3947	309885	318048
3948	309962	317968
3949	310046	317895
3950	310124	317816
3951	310205	317741
3952	310299	317678
3953	310374	317596
3954	310452	317517
3955	310539	317447
3956	310621	317372
3957	310701	317295
3958	310776	317213
3959	310867	317147
3960	310941	317064
3961	311029	316995
3962	311105	316914
3963	311177	316829
3964	311266	316762
3965	311355	316693
3966	311448	316630
3967	311531	316556
3968	311610	316478
3969	311694	316405
3970	311771	316324
3971	311856	316253
3972	311936	316176
3973	312021	316104
3974	312098	316024
3975	312173	315942
3976	312262	315874
3977	312339	315794
3978	312428	315726
3979	312507	315648
3980	312591	315574
3981	312677	315503
3982	312758	315427
3983	312829	315342
3984	312913	315269
3985	312986	315185
3986	313067	315108
3987	313136	315020
3988	313214	314942
3989	313300	314870
3990	313387	314800
3991	313482	314738
3992	313569	314668
3993	313647	314590
3994	313724	314509
3995	313797	314425
3996	313870	314342
3997	313937	314251
3998	314016	314173
3999	314090	314090
4000	314167	314010
4001	314258	313944
4002	314328	313857
4003	314416	313788
4004	314471	313686
4005	314550	313608
4006	314623	313523
4007	314702	313445
4008	314783	313370
4009	314865	313295
4010	314934	313207
4011	315004	313120
4012	315078	313037
4013	315150	312951
4014	315230	312875
4015	315313	312801
4016	315393	312723
4017	315466	312639
4018	315546	312562
4019	315619	312478
4020	315687	312390
4021	315765	312311
4022	315839	312227
4023	315919	312151
4024	315983	312058
4025	316065	311983
4026	316156	311916
4027	316240	311843
4028	316313	311760
4029	316399	311688
4030	316475	311607
4031	316562	311537
4032	316638	311456
4033	316713	311374
4034	316794	311298
4035	316874	311221
4036	316954	311144
4037	317041	311074
4038	317127	311002
4039	317207	310926
4040	317288	310849
4041	317368	310772
4042	317455	310703
4043	317531	310621
4044	317609	310542
4045	317691	310467
4046	317776	310395
4047	317863	310325
4048	317949	310253
4049	318026	310173
4050	318113	310103
4051	318180	310014
4052	318245	309921
4053	318319	309839
4054	318389	309752
4055	318471	309677
4056	318555	309604
4057	318628	309520
4058	318705	309440
4059	318793	309371
4060	318877	309297
4061	318954	309217
4062	319032	309138
4063	319121	309070
4064	319194	308986
4065	319275	308910
4066	319361	308839
4067	319434	308754
4068	319519	308682
4069	319596	308603
4070	319679	308528
4071	319756	308448
4072	319830	308365
4073	319901	308280
4074	319982	308204
4075	320057	308122
4076	320142	308050
4077	320218	307969
4078	320305	307898
4079	320386	307822
4080	320477	307755
4081	320556	307677
4082	320635	307599
4083	320711	307518
4084	320786	307437
4085	320862	307355
4086	320943	307280
4087	321016	307195
4088	321092	307115
4089	321180	307045
4090	321263	306971
4091	321344	306895
4092	321419	306813
4093	321491	306728
4094	321557	306637
4095	321636	306560
4096	321711	306478
4097	321791	306401
4098	321864	306316
4099	321946	306241
4100	322026	306165
4101	322095	306077
4102	322183	306007
4103	322261	305928
4104	322341	305851
4105	322422	305775
4106	322496	305692
4107	322576	305615
4108	322657	305538
4109	322735	305460
4110	322808	305376
4111	322872	305283
4112	322945	305200
4113	323022	305120
4114	323101	305042
4115	323183	304967
4116	323272	304898
4117	323359	304828
4118	323435	304747
4119	323507	304662
4120	323571	304570
4121	323644	304486
4122	323731	304415
4123	323809	304337
4124	323886	304257
4125	323955	304169
4126	324030	304087
4127	324103	304003
4128	324178	303922
4129	324266	303852
4130	324361	303789
4131	324438	303709
4132	324509	303624
4133	324598	303555
4134	324673	303473
4135	324752	303395
4136	324829	303315
4137	324907	303236
4138	324989	303160
4139	325075	303089
4140	325150	303007
4141	325236	302936
4142	325325	302867
4143	325411	302796
4144	325484	302712
4145	325565	302636
4146	325641	302555
4147	325715	302472
4148	325795	302395
4149	325864	302307
4150	325939	302226
4151	326015	302145
4152	326084	302058
4153	326159	301976
4154	326230	301890
4155	326308	301811
4156	326396	301742
4157	326468	301657
4158	326538	301571
4159	326615	301491
4160	326702	301420
4161	326783	301344
4162	326861	301265
4163	326929	301176
4164	327000	301092
4165	327081	301015
4166	327157	300934
4167	327227	300848
4168	327313	300776
4169	327394	300700
4170	327468	300617
4171	327544	300536
4172	327625	300460
4173	327704	300382
4174	327776	300297
4175	327856	300221
4176	327939	300146
4177	328022	300072
4178	328102	299994
4179	328184	299919
4180	328263	299841
4181	328349	299770
4182	328414	299679
4183	328497	299604
4184	328580	299530
4185	328668	299460
4186	328746	299381
4187	328829	299306
4188	328903	299224
4189	328974	299139
4190	329051	299059
4191	329127	298978
4192	329198	298893
4193	329290	298826
4194	329366	298746
4195	329451	298673
4196	329530	298595
4197	329609	298516
4198	329691	298442
4199	329783	298375
4200	329856	298291
4201	329944	298221
4202	330011	298133
4203	330098	298062
4204	330182	297988
4205	330258	297908
4206	330329	297822
4207	330411	297746
4208	330497	297675
4209	330584	297604
4210	330670	297532
4211	330750	297455
4212	330829	297377
4213	330910	297301
4214	330978	297212
4215	331057	297134
4216	331135	297055
4217	331217	296980
4218	331305	296910
4219	331384	296832
4220	331467	296757
4221	331546	296680
4222	331639	296614
4223	331712	296530
4224	331782	296444
4225	331855	296361
4226	331937	296285
4227	332021	296212
4228	332096	296130
4229	332175	296052
4230	332255	295974
4231	332333	295896
4232	332411	295816
4233	332491	295740
4234	332565	295657
4235	332648	295582
4236	332725	295503
4237	332804	295424
4238	332880	295344
4239	332944	295252
4240	333029	295179
4241	333104	295098
4242	333194	295030
4243	333275	294953
4244	333357	294878
4245	333432	294796
4246	333508	294715
4247	333586	294636
4248	333671	294564
4249	333745	294481
4250	333817	294396
4251	333910	294331
4252	333991	294255
4253	334067	294174
4254	334152	294101
4255	334237	294028
4256	334315	293949
4257	334389	293867
4258	334471	293791
4259	334553	293715
4260	334628	293634
4261	334709	293558
4262	334791	293482
4263	334870	293404
4264	334952	293329
4265	335025	293245
4266	335112	293174
4267	335194	293099
4268	335274	293021
4269	335351	292941
4270	335427	292861
4271	335503	292779
4272	335577	292697
4273	335665	292627
4274	335740	292545
4275	335809	292458
4276	335891	292383
4277	335974	292308
4278	336059	292235
4279	336144	292163
4280	336237	292096
4281	336316	292018
4282	336400	291944
4283	336476	291864
4284	336554	291785
4285	336629	291703
4286	336705	291622
4287	336783	291544
4288	336858	291462
4289	336942	291388
4290	337023	291312
4291	337109	291239
4292	337182	291156
4293	337262	291079
4294	337338	290998
4295	337421	290923
4296	337507	290851
4297	337589	290776
4298	337667	290697
4299	337755	290627
4300	337832	290546
4301	337915	290472
4302	337994	290394
4303	338086	290327
4304	338153	290238
4305	338231	290159
4306	338313	290083
4307	338393	290007
4308	338484	289938
4309	338555	289853
4310	338636	289777
4311	338723	289705
4312	338800	289626
4313	338888	289555
4314	338971	289481
4315	339051	289403
4316	339130	289325
4317	339219	289255
4318	339287	289168
4319	339357	289082
4320	339443	289009
4321	339513	288923
4322	339587	288841
4323	339658	288756
4324	339736	288678
4325	339816	288600
4326	339885	288513
4327	339960	288432
4328	340048	288361
4329	340123	288280
4330	340198	288198
4331	340269	288113
4332	340350	288037
4333	340431	287961
4334	340498	287872
4335	340582	287798
4336	340661	287720
4337	340738	287640
4338	340819	287563
4339	340887	287476
4340	340964	287397
4341	341047	287321
4342	341135	287251
4343	341215	287173
4344	341286	287089
4345	341355	287002
4346	341441	286930
4347	341529	286859
4348	341614	286786
4349	341708	286721
4350	341788	286643
4351	341876	286572
4352	341953	286492
4353	342034	286416
4354	342116	286340
4355	342197	286264
4356	342281	286190
4357	342354	286106
4358	342439	286033
4359	342509	285948
4360	342580	285863
4361	342656	285782
4362	342729	285699
4363	342799	285614
4364	342879	285536
4365	342948	285449
4366	343017	285363
4367	343103	285290
4368	343185	285215
4369	343265	285138
4370	343351	285065
4371	343437	284993
4372	343509	284909
4373	343580	284824
4374	343663	284749
4375	343745	284673
4376	343819	284591
4377	343898	284513
4378	343979	284436
4379	344060	284360
4380	344144	284286
4381	344228	284212
4382	344315	284140
4383	344393	284061
4384	344473	283984
4385	344546	283900
4386	344623	283821
4387	344694	283736
4388	344774	283659
4389	344848	283577
4390	344930	283501
4391	345010	283424
4392	345084	283341
4393	345164	283264
4394	345235	283179
4395	345322	283107
4396	345403	283031
4397	345490	282959
4398	345562	282876
4399	345634	282791
4400	345719	282718
4401	345794	282637
4402	345860	282548
4403	345930	282462
4404	346001	282377
4405	346087	282305
4406	346168	282229
4407	346256	282158
4408	346346	282089
4409	346433	282017
4410	346508	281935
4411	346590	281859
4412	346666	281779
4413	346750	281705
4414	346823	281622
4415	346900	281542
4416	346964	281452
4417	347036	281368
4418	347109	281284
4419	347191	281209
4420	347294	281151
4421	347377	281075
4422	347459	280999
4423	347533	280917
4424	347617	280843
4425	347697	280766
4426	347780	280691
4427	347863	280615
4428	347942	280537
4429	348032	280468
4430	348115	280393
4431	348187	280310
4432	348274	280237
4433	348348	280155
4434	348427	280077
4435	348494	279989
4436	348573	279911
4437	348651	279832
4438	348727	279751
4439	348794	279664
4440	348878	279589
4441	348958	279512
4442	349034	279431
4443	349115	279355
4444	349194	279276
4445	349266	279193
4446	349353	279121
4447	349429	279041
4448	349507	278962
4449	349589	278885
4450	349667	278806
4451	349750	278732
4452	349833	278656
4453	349908	278575
4454	349987	278497
4455	350075	278426
4456	350154	278348
4457	350233	278270
4458	350314	278193
4459	350388	278110
4460	350463	278029
4461	350537	277947
4462	350620	277872
4463	350703	277797
4464	350783	277719
4465	350860	277640
4466	350941	277563
4467	351015	277481
4468	351100	277407
4469	351187	277336
4470	351278	277266
4471	351361	277192
4472	351438	277112
4473	351515	277032
4474	351604	276962
4475	351683	276884
4476	351764	276807
4477	351845	276730
4478	351930	276656
4479	352009	276578
4480	352088	276500
4481	352168	276423
4482	352251	276348
4483	352335	276273
4484	352407	276190
4485	352484	276110
4486	352566	276034
4487	352651	275961
4488	352727	275879
4489	352796	275793
4490	352873	275714
4491	352954	275637
4492	353027	275554
4493	353105	275475
4494	353185	275398
4495	353268	275323
4496	353350	275247
4497	353422	275163
4498	353503	275086
4499	353585	275011
4500	353655	274925
4501	353733	274847
4502	353810	274767
4503	353888	274688
4504	353964	274606
4505	354043	274528
4506	354126	274454
4507	354210	274379
4508	354294	274304
4509	354368	274223
4510	354450	274147
4511	354530	274069
4512	354612	273993
4513	354694	273917
4514	354778	273843
4515	354859	273766
4516	354938	273688
4517	355015	273608
4518	355100	273535
4519	355176	273454
4520	355257	273377
4521	355345	273306
4522	355415	273220
4523	355493	273142
4524	355581	273071
4525	355649	272984
4526	355736	272911
4527	355817	272835
4528	355892	272754
4529	355965	272670
4530	356048	272595
4531	356128	272518
4532	356207	272440
4533	356287	272362
4534	356362	272281
4535	356440	272202
4536	356516	272121
4537	356594	272042
4538	356675	271965
4539	356747	271882
4540	356833	271809
4541	356915	271733
4542	356993	271654
4543	357076	271579
4544	357161	271505
4545	357256	271439
4546	357323	271352
4547	357391	271265
4548	357475	271190
4549	357553	271111
4550	357636	271036
4551	357719	270961
4552	357805	270888
4553	357875	270803
4554	357961	270730
4555	358037	270650
4556	358123	270577
4557	358204	270500
4558	358281	270420
4559	358355	270337
4560	358438	270262
4561	358518	270185
4562	358587	270099
4563	358659	270016
4564	358734	269935
4565	358818	269860
4566	358895	269780
4567	358973	269701
4568	359054	269624
4569	359136	269549
4570	359216	269470
4571	359300	269396
4572	359379	269318
4573	359463	269244
4574	359536	269160
4575	359618	269085
4576	359708	269015
4577	359783	268933
4578	359859	268853
4579	359934	268772
4580	360014	268694
4581	360086	268611
4582	360162	268530
4583	360234	268447
4584	360323	268376
4585	360397	268293
4586	360476	268215
4587	360553	268136
4588	360629	268055
4589	360703	267973
4590	360778	267892
4591	360852	267810
4592	360927	267729
4593	361001	267647
4594	361089	267575
4595	361171	267499
4596	361254	267424
4597	361344	267353
4598	361426	267278
4599	361503	267198
4600	361592	267127
4601	361673	267050
4602	361751	266971
4603	361832	266894
4604	361917	266820
4605	361993	266740
4606	362067	266658
4607	362144	266578
4608	362218	266496
4609	362298	266419
4610	362374	266338
4611	362456	266262
4612	362535	266184
4613	362608	266101
4614	362694	266028
4615	362775	265951
4616	362857	265875
4617	362940	265800
4618	363024	265725
4619	363104	265647
4620	363185	265571
4621	363265	265493
4622	363345	265416
4623	363431	265343
4624	363512	265265
4625	363589	265186
4626	363663	265104
4627	363742	265025
4628	363817	264944
4629	363900	264869
4630	363978	264790
4631	364062	264715
4632	364143	264638
4633	364218	264557
4634	364288	264472
4635	364361	264390
4636	364438	264310
4637	364515	264230
4638	364600	264156
4639	364671	264072
4640	364742	263988
4641	364809	263901
4642	364885	263821
4643	364956	263736
4644	365031	263655
4645	365102	263571
4646	365173	263487
4647	365257	263413
4648	365343	263339
4649	365415	263255
4650	365498	263181
4651	365578	263103
4652	365665	263031
4653	365750	262956
4654	365822	262873
4655	365908	262800
4656	365982	262718
4657	366054	262634
4658	366132	262556
4659	366215	262480
4660	366290	262399
4661	366361	262315
4662	366427	262227
4663	366506	262149
4664	366587	262072
4665	366665	261993
4666	366742	261914
4667	366820	261835
4668	366895	261754
4669	366964	261668
4670	367039	261587
4671	367101	261496
4672	367176	261415
4673	367257	261338
4674	367328	261254
4675	367404	261174
4676	367476	261091
4677	367555	261013
4678	367633	260934
4679	367715	260857
4680	367791	260777
4681	367872	260700
4682	367950	260621
4683	368026	260541
4684	368099	260458
4685	368177	260379
4686	368255	260301
4687	368329	260219
4688	368406	260139
4689	368481	260058
4690	368554	259976
4691	368613	259883
4692	368688	259802
4693	368761	259719
4694	368843	259643
4695	368923	259566
4696	368994	259482
4697	369071	259402
4698	369154	259327
4699	369227	259244
4700	369314	259172
4701	369394	259094
4702	369479	259020
4703	369560	258943
4704	369635	258862
4705	369723	258791
4706	369810	258717
4707	369881	258634
4708	369958	258554
4709	370035	258475
4710	370109	258392
4711	370185	258312
4712	370266	258235
4713	370348	258159
4714	370430	258083
4715	370514	258008
4716	370589	257927
4717	370666	257847
4718	370747	257771
4719	370826	257693
4720	370913	257620
4721	370989	257540
4722	371060	257456
4723	371137	257376
4724	371214	257296
4725	371301	257224
4726	371385	257149
4727	371463	257070
4728	371532	256985
4729	371605	256903
4730	371682	256823
4731	371757	256741
4732	371842	256667
4733	371918	256587
4734	371990	256504
4735	372070	256426
4736	372147	256347
4737	372226	256269
4738	372307	256192
4739	372392	256118
4740	372472	256040
4741	372543	255956
4742	372626	255881
4743	372701	255800
4744	372783	255723
4745	372860	255644
4746	372943	255568
4747	373021	255490
4748	373103	255413
4749	373178	255332
4750	373250	255249
4751	373317	255163
4752	373398	255086
4753	373489	255015
4754	373564	254935
4755	373641	254855
4756	373703	254765
4757	373775	254682
4758	373841	254595
4759	373930	254524
4760	374008	254445
4761	374076	254359
4762	374150	254277
4763	374223	254195
4764	374301	254116
4765	374383	254040
4766	374462	253962
4767	374541	253884
4768	374616	253802
4769	374689	253720
4770	374770	253643
4771	374851	253567
4772	374935	253492
4773	375009	253409
4774	375089	253332
4775	375163	253251
4776	375250	253178
4777	375333	253102
4778	375414	253025
4779	375492	252947
4780	375563	252863
4781	375640	252783
4782	375721	252706
4783	375803	252630
4784	375881	252551
4785	375955	252469
4786	376024	252385
4787	376094	252300
4788	376175	252224
4789	376256	252146
4790	376327	252063
4791	376397	251978
4792	376478	251902
4793	376570	251832
4794	376652	251755
4795	376741	251684
4796	376823	251608
4797	376902	251530
4798	376990	251457
4799	377076	251384
4800	377163	251311
4801	377231	251225
4802	377312	251148
4803	377461	251117
4804	377547	251043
4805	377636	250971
4806	377717	250895
4807	377789	250812
4808	377862	250729
4809	377945	250653
4810	378026	250577
4811	378109	250501
4812	378198	250429
4813	378285	250356
4814	378362	250277
4815	378458	250209
4816	378558	250145
4817	378649	250075
4818	378740	250004
4819	378827	249931
4820	378914	249859
4821	379013	249793
4822	379097	249718
4823	379183	249644
4824	379287	249582
4825	379376	249511
4826	379458	249434
4827	379540	249358
4828	379627	249285
4829	379705	249206
4830	379785	249128
4831	379861	249048
4832	379944	248972
4833	380021	248893
4834	380105	248817
4835	380165	248727
4836	380242	248647
4837	380330	248574
4838	380403	248492
4839	380490	248419
4840	380561	248335
4841	380644	248259
4842	380722	248180
4843	380801	248103
4844	380888	248029
4845	380971	247954
4846	381044	247871
4847	381117	247789
4848	381186	247704
4849	381268	247627
4850	381355	247554
4851	381436	247477
4852	381509	247395
4853	381575	247308
4854	381657	247232
4855	381710	247137
4856	381797	247063
4857	381868	246980
4858	381944	246899
4859	382024	246822
4860	382108	246746
4861	382180	246664
4862	382256	246584
4863	382339	246508
4864	382414	246427
4865	382494	246349
4866	382571	246269
4867	382652	246192
4868	382737	246118
4869	382814	246039
4870	382890	245958
4871	382964	245877
4872	383036	245794
4873	383117	245717
4874	383196	245638
4875	383270	245557
4876	383349	245479
4877	383429	245401
4878	383511	245325
4879	383590	245246
4880	383661	245162
4881	383737	245082
4882	383820	245006
4883	383887	244920
4884	383964	244841
4885	384049	244766
4886	384126	244686
4887	384209	244611
4888	384295	244537
4889	384396	244472
4890	384479	244397
4891	384562	244321
4892	384643	244244
4893	384727	244169
4894	384803	244088
4895	384880	244009
4896	384966	243935
4897	385055	243863
4898	385141	243789
4899	385227	243715
4900	385311	243639
4901	385382	243556
4902	385465	243480
4903	385545	243403
4904	385619	243321
4905	385698	243243
4906	385775	243163
4907	385860	243088
4908	385935	243008
4909	386007	242925
4910	386086	242846
4911	386164	242768
4912	386237	242685
4913	386319	242609
4914	386406	242536
4915	386479	242453
4916	386554	242372
4917	386630	242292
4918	386708	242213
4919	386781	242131
4920	386850	242046
4921	386926	241966
4922	387013	241893
4923	387085	241810
4924	387157	241727
4925	387230	241645
4926	387308	241566
4927	387390	241489
4928	387478	241417
4929	387560	241340
4930	387640	241263
4931	387719	241184
4932	387797	241105
4933	387880	241030
4934	387967	240956
4935	388052	240881
4936	388128	240801
4937	388206	240722
4938	388280	240641
4939	388366	240567
4940	388445	240488
4941	388525	240411
4942	388597	240327
4943	388673	240248
4944	388749	240167
4945	388834	240093
4946	388912	240013
4947	388993	239936
4948	389077	239861
4949	389154	239782
4950	389242	239708
4951	389307	239622
4952	389377	239538
4953	389458	239460
4954	389543	239386
4955	389615	239303
4956	389675	239214
4957	389752	239134
4958	389826	239052
4959	389911	238978
4960	389993	238901
4961	390074	238824
4962	390150	238743
4963	390227	238664
4964	390307	238586
4965	390390	238510
4966	390467	238431
4967	390547	238353
4968	390622	238272
4969	390702	238195
4970	390775	238112
4971	390853	238033
4972	390932	237955
4973	391019	237881
4974	391101	237805
4975	391181	237727
4976	391257	237647
4977	391339	237570
4978	391420	237493
4979	391502	237417
4980	391593	237345
4981	391672	237267
4982	391753	237190
4983	391825	237107
4984	391904	237029
4985	391989	236954
4986	392065	236874
4987	392141	236794
4988	392209	236709
4989	392272	236621
4990	392354	236544
4991	392429	236463
4992	392511	236387
4993	392596	236312
4994	392669	236230
4995	392750	236153
4996	392841	236082
4997	392910	235997
4998	392993	235922
4999	393068	235841
5000	393137	235756
5001	393215	235677
5002	393291	235597
5003	393374	235521
5004	393458	235446
5005	393541	235370
5006	393627	235295
5007	393701	235214
5008	393780	235136
5009	393856	235055
5010	393928	234973
5011	394002	234891
5012	394085	234816
5013	394168	234740
5014	394254	234665
5015	394308	234572
5016	394390	234496
5017	394469	234417
5018	394548	234339
5019	394637	234266
5020	394710	234184
5021	394783	234102
5022	394854	234019
5023	394930	233939
5024	395006	233859
5025	395079	233777
5026	395160	233700
5027	395235	233619
5028	395302	233534
5029	395382	233456
5030	395456	233375
5031	395533	233295
5032	395614	233218
5033	395704	233146
5034	395784	233068
5035	395863	232990
5036	395944	232913
5037	396024	232835
5038	396093	232751
5039	396155	232662
5040	396232	232583
5041	396313	232505
5042	396390	232426
5043	396463	232344
5044	396536	232262
5045	396612	232182
5046	396686	232101
5047	396769	232025
5048	396842	231943
5049	396932	231871
5050	397007	231790
5051	397088	231713
5052	397181	231643
5053	397256	231562
5054	397338	231485
5055	397410	231403
5056	397495	231328
5057	397574	231250
5058	397658	231174
5059	397735	231095
5060	397811	231015
5061	397883	230932
5062	397958	230851
5063	398033	230771
5064	398106	230689
5065	398181	230608
5066	398248	230523
5067	398323	230442
5068	398403	230365
5069	398497	230295
5070	398581	230219
5071	398660	230141
5072	398738	230062
5073	398806	229977
5074	398882	229897
5075	398953	229814
5076	399019	229728
5077	399095	229649
5078	399184	229576
5079	399254	229492
5080	399329	229412
5081	399407	229333
5082	399482	229252
5083	399568	229177
5084	399649	229100
5085	399721	229018
5086	399798	228938
5087	399879	228861
5088	399950	228779
5089	400037	228705
5090	400118	228627
5091	400190	228545
5092	400275	228470
5093	400351	228390
5094	400424	228308
5095	400507	228232
5096	400588	228155
5097	400659	228072
5098	400739	227994
5099	400808	227910
5100	400887	227832
5101	400957	227748
5102	401042	227674
5103	401120	227594
5104	401193	227513
5105	401277	227437
5106	401357	227360
5107	401439	227283
5108	401519	227205
5109	401598	227127
5110	401680	227050
5111	401761	226973
5112	401839	226894
5113	401921	226817
5114	401996	226737
5115	402071	226656
5116	402157	226582
5117	402244	226508
5118	402319	226427
5119	402392	226345
5120	402472	226268
5121	402553	226190
5122	402634	226113
5123	402717	226037
5124	402776	225947
5125	402858	225871
5126	402935	225791
5127	403007	225709
5128	403087	225631
5129	403166	225553
5130	403241	225472
5131	403324	225396
5132	403400	225316
5133	403487	225242
5134	403571	225166
5135	403648	225087
5136	403730	225011
5137	403807	224931
5138	403881	224850
5139	403968	224776
5140	404054	224701
5141	404131	224622
5142	404212	224545
5143	404282	224461
5144	404359	224382
5145	404440	224304
5146	404524	224229
5147	404607	224153
5148	404681	224072
5149	404758	223992
5150	404840	223915
5151	404920	223837
5152	404995	223757
5153	405076	223680
5154	405157	223602
5155	405232	223522
5156	405317	223447
5157	405396	223368
5158	405464	223284
5159	405551	223210
5160	405628	223131
5161	405702	223049
5162	405780	222971
5163	405857	222891
5164	405933	222811
5165	406007	222730
5166	406093	222655
5167	406176	222579
5168	406262	222504
5169	406339	222425
5170	406415	222345
5171	406504	222272
5172	406592	222199
5173	406667	222118
5174	406744	222039
5175	406820	221959
5176	406894	221877
5177	406964	221794
5178	407044	221717
5179	407118	221636
5180	407197	221557
5181	407273	221477
5182	407352	221399
5183	407446	221329
5184	407523	221249
5185	407603	221171
5186	407679	221091
5187	407748	221008
5188	407833	220932
5189	407902	220848
5190	407984	220772
5191	408061	220692
5192	408146	220617
5193	408224	220538
5194	408306	220461
5195	408380	220381
5196	408455	220300
5197	408525	220216
5198	408602	220137
5199	408677	220057
5200	408752	219976
5201	408831	219898
5202	408910	219819
5203	409001	219747
5204	409080	219669
5205	409154	219588
5206	409236	219511
5207	409313	219432
5208	409394	219354
5209	409469	219274
5210	409552	219198
5211	409621	219114
5212	409710	219041
5213	409785	218960
5214	409862	218881
5215	409938	218801
5216	410021	218725
5217	410094	218643
5218	410168	218562
5219	410241	218481
5220	410327	218406
5221	410416	218333
5222	410502	218258
5223	410586	218183
5224	410668	218106
5225	410745	218026
5226	410829	217951
5227	410903	217870
5228	410976	217788
5229	411057	217710
5230	411141	217635
5231	411218	217556
5232	411289	217473
5233	411354	217387
5234	411419	217301
5235	411506	217227
5236	411587	217150
5237	411668	217073
5238	411750	216996
5239	411826	216916
5240	411912	216841
5241	411993	216764
5242	412074	216686
5243	412153	216608
5244	412222	216524
5245	412298	216444
5246	412371	216363
5247	412453	216286
5248	412524	216204
5249	412607	216127
5250	412690	216051
5251	412764	215970
5252	412845	215892
5253	412925	215815
5254	413016	215743
5255	413094	215664
5256	413174	215586
5257	413245	215503
5258	413319	215423
5259	413403	215346
5260	413482	215268
5261	413558	215188
5262	413636	215110
5263	413712	215029
5264	413786	214948
5265	413863	214869
5266	413942	214791
5267	414018	214711
5268	414098	214633
5269	414188	214560
5270	414260	214478
5271	414348	214405
5272	414420	214323
5273	414499	214244
5274	414578	214165
5275	414656	214087
5276	414720	214001
5277	414806	213926
5278	414889	213850
5279	414978	213777
5280	415052	213695
5281	415128	213615
5282	415209	213538
5283	415296	213464
5284	415367	213381
5285	415449	213304
5286	415533	213229
5287	415624	213156
5288	415703	213078
5289	415784	213001
5290	415862	212922
5291	415932	212839
5292	416005	212757
5293	416082	212678
5294	416149	212594
5295	416233	212518
5296	416310	212438
5297	416388	212359
5298	416469	212282
5299	416555	212207
5300	416629	212126
5301	416713	212050
5302	416794	211973
5303	416864	211890
5304	416941	211811
5305	417019	211732
5306	417103	211656
5307	417185	211579
5308	417265	211501
5309	417341	211421
5310	417419	211342
5311	417494	211262
5312	417579	211187
5313	417659	211109
5314	417730	211026
5315	417805	210946
5316	417883	210867
5317	417972	210793
5318	418047	210713
5319	418123	210633
5320	418187	210547
5321	418263	210467
5322	418346	210391
5323	418435	210318
5324	418518	210241
5325	418601	210165
5326	418689	210091
5327	418766	210012
5328	418835	209928
5329	418923	209854
5330	419006	209778
5331	419078	209696
5332	419157	209618
5333	419229	209536
5334	419310	209458
5335	419388	209380
5336	419474	209304
5337	419544	209222
5338	419627	209145
5339	419708	209068
5340	419786	208989
5341	419867	208911
5342	419953	208837
5343	420034	208759
5344	420105	208677
5345	420172	208592
5346	420261	208519
5347	420325	208433
5348	420400	208353
5349	420475	208272
5350	420562	208198
5351	420643	208121
5352	420722	208042
5353	420806	207966
5354	420881	207886
5355	420961	207808
5356	421035	207727
5357	421118	207650
5358	421194	207571
5359	421275	207493
5360	421351	207414
5361	421437	207338
5362	421517	207261
5363	421600	207184
5364	421690	207111
5365	421771	207034
5366	421853	206957
5367	421928	206877
5368	422008	206798
5369	422087	206720
5370	422152	206635
5371	422240	206561
5372	422308	206477
5373	422386	206398
5374	422469	206322
5375	422548	206243
5376	422630	206166
5377	422709	206088
5378	422779	206005
5379	422862	205929
5380	422935	205848
5381	423016	205770
5382	423097	205693
5383	423181	205617
5384	423268	205542
5385	423346	205463
5386	423428	205386
5387	423502	205305
5388	423568	205221
5389	423640	205139
5390	423720	205061
5391	423795	204981
5392	423873	204902
5393	423958	204826
5394	424044	204751
5395	424119	204671
5396	424201	204594
5397	424278	204515
5398	424353	204434
5399	424443	204361
5400	424524	204284
5401	424604	204206
5402	424684	204128
5403	424758	204047
5404	424833	203967
5405	424915	203890
5406	424996	203812
5407	425074	203733
5408	425153	203655
5409	425232	203577
5410	425316	203501
5411	425386	203418
5412	425469	203341
5413	425544	203261
5414	425628	203185
5415	425708	203107
5416	425790	203030
5417	425876	202955
5418	425951	202875
5419	426022	202792
5420	426105	202716
5421	426183	202637
5422	426257	202556
5423	426338	202479
5424	426411	202398
5425	426482	202315
5426	426547	202230
5427	426618	202148
5428	426711	202077
5429	426791	201998
5430	426869	201920
5431	426960	201847
5432	427029	201764
5433	427112	201687
5434	427188	201607
5435	427268	201529
5436	427351	201453
5437	427430	201374
5438	427503	201293
5439	427587	201217
5440	427661	201136
5441	427746	201061
5442	427819	200979
5443	427893	200899
5444	427966	200817
5445	428046	200740
5446	428125	200661
5447	428200	200581
5448	428278	200502
5449	428353	200422
5450	428424	200340
5451	428494	200257
5452	428580	200182
5453	428655	200101
5454	428731	200022
5455	428805	199941
5456	428879	199860
5457	428952	199779
5458	429029	199700
5459	429109	199622
5460	429195	199547
5461	429271	199467
5462	429357	199392
5463	429436	199313
5464	429511	199233
5465	429600	199160
5466	429675	199079
5467	429752	199000
5468	429825	198919
5469	429911	198843
5470	429985	198763
5471	430066	198685
5472	430143	198606
5473	430218	198526
5474	430271	198435
5475	430345	198355
5476	430432	198280
5477	430507	198200
5478	430593	198124
5479	430663	198042
5480	430743	197964
5481	430819	197884
5482	430908	197810
5483	430959	197719
5484	431044	197644
5485	431122	197564
5486	431198	197485
5487	431275	197406
5488	431353	197327
5489	431430	197247
5490	431512	197170
5491	431588	197090
5492	431667	197012
5493	431741	196931
5494	431824	196855
5495	431900	196775
5496	431977	196696
5497	432055	196617
5498	432137	196540
5499	432198	196453
5500	432273	196373
5501	432344	196291
5502	432430	196216
5503	432512	196139
5504	432586	196058
5505	432671	195983
5506	432754	195906
5507	432834	195828
5508	432900	195744
5509	432972	195662
5510	433038	195578
5511	433114	195498
5512	433187	195417
5513	433278	195344
5514	433349	195262
5515	433431	195185
5516	433504	195104
5517	433558	195014
5518	433641	194938
5519	433707	194853
5520	433783	194774
5521	433860	194695
5522	433934	194614
5523	434013	194536
5524	434096	194459
5525	434176	194381
5526	434267	194308
5527	434349	194231
5528	434429	194153
5529	434510	194076
5530	434592	193999
5531	434673	193921
5532	434751	193842
5533	434825	193762
5534	434901	193682
5535	434978	193603
5536	435054	193523
5537	435125	193441
5538	435209	193365
5539	435286	193286
5540	435356	193203
5541	435440	193127
5542	435525	193051
5543	435608	192975
5544	435687	192896
5545	435760	192815
5546	435839	192737
5547	435920	192659
5548	435989	192577
5549	436059	192494
5550	436128	192411
5551	436208	192333
5552	436290	192257
5553	436385	192185
5554	436462	192106
5555	436566	192039
5556	436645	191960
5557	436720	191880
5558	436806	191805
5559	436880	191724
5560	436959	191646
5561	437035	191566
5562	437111	191486
5563	437186	191406
5564	437264	191327
5565	437352	191253
5566	437419	191169
5567	437505	191094
5568	437580	191014
5569	437663	190937
5570	437744	190860
5571	437818	190779
5572	437906	190705
5573	437982	190625
5574	438065	190548
5575	438150	190472
5576	438222	190391
5577	438306	190315
5578	438387	190237
5579	438472	190161
5580	438539	190078
5581	438616	189999
5582	438700	189922
5583	438775	189842
5584	438849	189762
5585	438930	189684
5586	439014	189608
5587	439093	189529
5588	439168	189450
5589	439264	189378
5590	439335	189296
5591	439410	189216
5592	439492	189139
5593	439575	189063
5594	439654	188984
5595	439723	188901
5596	439805	188824
5597	439872	188741
5598	439960	188666
5599	440045	188590
5600	440132	188515
5601	440208	188436
5602	440293	188360
5603	440367	188279
5604	440440	188199
5605	440528	188124
5606	440604	188044
5607	440682	187965
5608	440763	187888
5609	440834	187806
5610	440919	187730
5611	440996	187651
5612	441076	187573
5613	441146	187491
5614	441229	187414
5615	441304	187334
5616	441377	187253
5617	441459	187176
5618	441536	187097
5619	441621	187021
5620	441706	186945
5621	441773	186861
5622	441856	186785
5623	441934	186706
5624	442005	186624
5625	442084	186546
5626	442162	186467
5627	442241	186388
5628	442317	186309
5629	442405	186234
5630	442479	186154
5631	442561	186077
5632	442638	185997
5633	442721	185920
5634	442804	185844
5635	442887	185767
5636	442969	185690
5637	443043	185609
5638	443125	185532
5639	443205	185454
5640	443280	185374
5641	443355	185294
5642	443434	185216
5643	443518	185140
5644	443604	185064
5645	443678	184983
5646	443766	184909
5647	443848	184832
5648	443933	184755
5649	444005	184674
5650	444093	184600
5651	444174	184522
5652	444264	184448
5653	444341	184369
5654	444426	184293
5655	444504	184214
5656	444589	184138
5657	444662	184058
5658	444744	183980
5659	444814	183898
5660	444884	183816
5661	444969	183740
5662	445045	183660
5663	445121	183581
5664	445194	183500
5665	445271	183421
5666	445352	183343
5667	445433	183265
5668	445514	183188
5669	445591	183109
5670	445675	183032
5671	445751	182952
5672	445824	182872
5673	445900	182792
5674	445969	182709
5675	446046	182630
5676	446119	182549
5677	446192	182469
5678	446271	182390
5679	446352	182313
5680	446433	182235
5681	446514	182157
5682	446587	182076
5683	446665	181998
5684	446741	181918
5685	446810	181836
5686	446892	181758
5687	446973	181681
5688	447052	181602
5689	447131	181524
5690	447218	181449
5691	447298	181371
5692	447378	181293
5693	447460	181216
5694	447544	181139
5695	447622	181060
5696	447704	180983
5697	447787	180906
5698	447864	180827
5699	447937	180746
5700	448020	180669
5701	448097	180590
5702	448166	180508
5703	448248	180430
5704	448333	180355
5705	448415	180277
5706	448497	180200
5707	448585	180125
5708	448659	180045
5709	448733	179964
5710	448810	179885
5711	448897	179810
5712	448971	179730
5713	449051	179652
5714	449133	179574
5715	449211	179495
5716	449286	179415
5717	449355	179333
5718	449430	179253
5719	449504	179173
5720	449590	179097
5721	449658	179014
5722	449743	178938
5723	449833	178864
5724	449910	178785
5725	449988	178706
5726	450069	178628
5727	450148	178550
5728	450224	178470
5729	450303	178392
5730	450377	178312
5731	450453	178232
5732	450533	178154
5733	450627	178082
5734	450712	178005
5735	450793	177928
5736	450872	177849
5737	450955	177773
5738	451032	177693
5739	451109	177614
5740	451186	177535
5741	451265	177457
5742	451342	177377
5743	451431	177303
5744	451507	177223
5745	451595	177148
5746	451673	177070
5747	451751	176991
5748	451831	176912
5749	451919	176838
5750	451991	176757
5751	452067	176677
5752	452155	176602
5753	452241	176526
5754	452325	176450
5755	452404	176371
5756	452484	176293
5757	452567	176216
5758	452640	176136
5759	452715	176056
5760	452802	175980
5761	452880	175901
5762	452963	175824
5763	453044	175747
5764	453124	175669
5765	453207	175592
5766	453283	175512
5767	453357	175432
5768	453445	175357
5769	453521	175277
5770	453605	175201
5771	453682	175122
5772	453757	175042
5773	453833	174962
5774	453912	174884
5775	453991	174805
5776	454079	174730
5777	454160	174653
5778	454243	174575
5779	454322	174497
5780	454402	174419
5781	454476	174339
5782	454559	174262
5783	454633	174181
5784	454711	174103
5785	454801	174028
5786	454882	173951
5787	454949	173868
5788	455020	173786
5789	455101	173709
5790	455179	173629
5791	455252	173549
5792	455329	173470
5793	455413	173393
5794	455498	173317
5795	455578	173239
5796	455654	173159
5797	455735	173082
5798	455802	172999
5799	455889	172923
5800	455964	172843
5801	456043	172765
5802	456126	172688
5803	456216	172613
5804	456298	172536
5805	456386	172461
5806	456468	172384
5807	456553	172308
5808	456641	172233
5809	456722	172155
5810	456799	172075
5811	456883	171999
5812	456972	171924
5813	457046	171844
5814	457138	171770
5815	457219	171693
5816	457298	171614
5817	457375	171535
5818	457449	171455
5819	457529	171376
5820	457599	171295
5821	457668	171212
5822	457752	171136
5823	457838	171060
5824	457919	170982
5825	457997	170903
5826	458068	170822
5827	458146	170743
5828	458237	170669
5829	458309	170588
5830	458392	170511
5831	458475	170434
5832	458560	170358
5833	458640	170280
5834	458724	170203
5835	458803	170125
5836	458869	170041
5837	458957	169966
5838	459032	169886
5839	459112	169808
5840	459187	169728
5841	459259	169647
5842	459330	169566
5843	459404	169485
5844	459484	169407
5845	459568	169331
5846	459654	169255
5847	459725	169173
5848	459792	169091
5849	459863	169009
5850	459937	168929
5851	460018	168851
5852	460096	168772
5853	460183	168697
5854	460257	168617
5855	460315	168530
5856	460396	168452
5857	460476	168374
5858	460555	168296
5859	460641	168220
5860	460717	168141
5861	460794	168061
5862	460872	167982
5863	460954	167905
5864	461030	167826
5865	461110	167747
5866	461191	167670
5867	461275	167593
5868	461348	167512
5869	461431	167435
5870	461511	167357
5871	461591	167279
5872	461673	167202
5873	461753	167124
5874	461832	167045
5875	461909	166966
5876	461983	166886
5877	462074	166812
5878	462158	166735
5879	462249	166661
5880	462322	166580
5881	462379	166494
5882	462465	166418
5883	462546	166340
5884	462628	166263
5885	462706	166184
5886	462779	166103
5887	462865	166027
5888	462941	165948
5889	463020	165869
5890	463096	165790
5891	463174	165711
5892	463256	165634
5893	463339	165556
5894	463418	165478
5895	463498	165400
5896	463577	165321
5897	463654	165242
5898	463731	165163
5899	463807	165084
5900	463889	165006
5901	463968	164928
5902	464051	164851
5903	464133	164773
5904	464221	164698
5905	464298	164619
5906	464371	164538
5907	464450	164460
5908	464528	164381
5909	464610	164303
5910	464692	164226
5911	464772	164148
5912	464853	164070
5913	464938	163994
5914	465016	163915
5915	465097	163837
5916	465185	163762
5917	465256	163680
5918	465337	163603
5919	465420	163526
5920	465504	163449
5921	465589	163372
5922	465675	163296
5923	465761	163220
5924	465840	163142
5925	465919	163063
5926	465998	162985
5927	466078	162907
5928	466153	162827
5929	466232	162748
5930	466306	162668
5931	466382	162589
5932	466466	162512
5933	466544	162433
5934	466621	162354
5935	466696	162274
5936	466771	162194
5937	466852	162116
5938	466927	162037
5939	467004	161957
5940	467086	161880
5941	467163	161801
5942	467238	161721
5943	467312	161641
5944	467390	161562
5945	467470	161484
5946	467549	161405
5947	467627	161326
5948	467704	161247
5949	467774	161166
5950	467860	161090
5951	467952	161015
5952	468029	160936
5953	468115	160860
5954	468187	160779
5955	468260	160699
5956	468338	160620
5957	468417	160541
5958	468499	160464
5959	468571	160383
5960	468646	160303
5961	468723	160224
5962	468792	160142
5963	468864	160061
5964	468948	159984
5965	469028	159906
5966	469106	159828
5967	469185	159749
5968	469264	159671
5969	469349	159594
5970	469430	159516
5971	469515	159440
5972	469588	159359
5973	469671	159282
5974	469746	159202
5975	469825	159124
5976	469900	159044
5977	469959	158959
5978	470026	158876
5979	470104	158797
5980	470172	158715
5981	470245	158635
5982	470325	158557
5983	470398	158476
5984	470479	158398
5985	470550	158317
5986	470631	158239
5987	470711	158161
5988	470776	158078
5989	470840	157994
5990	470923	157917
5991	471005	157840
5992	471080	157760
5993	471152	157679
5994	471239	157603
5995	471309	157522
5996	471392	157445
5997	471477	157368
5998	471552	157289
5999	471636	157212
6000	471708	157131
6001	471776	157049
6002	471856	156970
6003	471940	156894
6004	472015	156814
6005	472097	156736
6006	472164	156654
6007	472239	156574
6008	472325	156498
6009	472405	156420
6010	472484	156342
6011	472573	156266
6012	472648	156186
6013	472716	156104
6014	472814	156032
6015	472897	155955
6016	472979	155878
6017	473056	155798
6018	473127	155717
6019	473205	155638
6020	473282	155559
6021	473357	155480
6022	473437	155401
6023	473519	155324
6024	473602	155247
6025	473686	155170
6026	473761	155090
6027	473842	155012
6028	473913	154931
6029	473995	154854
6030	474072	154775
6031	474158	154698
6032	474231	154618
6033	474303	154537
6034	474384	154459
6035	474456	154379
6036	474538	154301
6037	474616	154222
6038	474694	154144
6039	474779	154067
6040	474864	153990
6041	474941	153911
6042	475016	153832
6043	475085	153750
6044	475163	153671
6045	475241	153592
6046	475321	153514
6047	475401	153436
6048	475478	153357
6049	475561	153280
6050	475635	153200
6051	475720	153123
6052	475804	153046
6053	475871	152964
6054	475950	152885
6055	476030	152807
6056	476107	152728
6057	476193	152652
6058	476275	152574
6059	476362	152498
6060	476432	152417
6061	476520	152341
6062	476596	152262
6063	476671	152182
6064	476751	152104
6065	476836	152028
6066	476914	151949
6067	476995	151871
6068	477077	151793
6069	477156	151715
6070	477239	151638
6071	477327	151562
6072	477411	151485
6073	477497	151409
6074	477573	151329
6075	477649	151250
6076	477723	151170
6077	477807	151093
6078	477888	151015
6079	477965	150936
6080	478036	150855
6081	478113	150776
6082	478190	150697
6083	478277	150621
6084	478331	150534
6085	478412	150457
6086	478485	150376
6087	478559	150296
6088	478637	150217
6089	478716	150139
6090	478803	150063
6091	478891	149987
6092	478968	149908
6093	479045	149829
6094	479111	149746
6095	479196	149670
6096	479280	149593
6097	479363	149516
6098	479447	149439
6099	479512	149356
6100	479598	149280
6101	479681	149202
6102	479754	149122
6103	479828	149042
6104	479903	148962
6105	479985	148885
6106	480068	148807
6107	480142	148727
6108	480223	148650
6109	480293	148568
6110	480365	148488
6111	480449	148411
6112	480532	148333
6113	480610	148254
6114	480690	148176
6115	480774	148099
6116	480857	148022
6117	480936	147944
6118	481007	147863
6119	481079	147782
6120	481156	147703
6121	481236	147625
6122	481311	147545
6123	481382	147464
6124	481455	147384
6125	481534	147305
6126	481608	147225
6127	481685	147146
6128	481762	147067
6129	481836	146987
6130	481916	146909
6131	482002	146832
6132	482077	146753
6133	482155	146674
6134	482236	146596
6135	482315	146518
6136	482386	146437
6137	482469	146359
6138	482552	146282
6139	482627	146202
6140	482712	146126
6141	482794	146048
6142	482878	145971
6143	482947	145890
6144	483022	145810
6145	483101	145732
6146	483177	145652
6147	483229	145566
6148	483298	145484
6149	483383	145408
6150	483456	145327
6151	483532	145248
6152	483615	145171
6153	483685	145089
6154	483753	145008
6155	483829	144928
6156	483908	144850
6157	483996	144774
6158	484072	144695
6159	484149	144616
6160	484230	144538
6161	484303	144458
6162	484385	144380
6163	484456	144299
6164	484528	144219
6165	484607	144140
6166	484682	144060
6167	484762	143982
6168	484839	143903
6169	484917	143824
6170	484984	143742
6171	485062	143663
6172	485146	143587
6173	485216	143505
6174	485296	143427
6175	485371	143347
6176	485448	143269
6177	485529	143191
6178	485610	143113
6179	485680	143032
6180	485767	142956
6181	485844	142877
6182	485923	142798
6183	486000	142719
6184	486077	142640
6185	486160	142563
6186	486228	142481
6187	486306	142402
6188	486400	142328
6189	486477	142249
6190	486551	142169
6191	486631	142091
6192	486716	142014
6193	486801	141938
6194	486882	141860
6195	486957	141780
6196	487034	141701
6197	487115	141623
6198	487200	141546
6199	487275	141466
6200	487352	141387
6201	487432	141309
6202	487507	141230
6203	487596	141154
6204	487676	141076
6205	487757	140998
6206	487838	140920
6207	487918	140842
6208	487989	140761
6209	488068	140683
6210	488155	140607
6211	488236	140529
6212	488315	140450
6213	488394	140372
6214	488465	140291
6215	488547	140213
6216	488620	140133
6217	488699	140055
6218	488782	139977
6219	488845	139894
6220	488921	139815
6221	489007	139738
6222	489079	139658
6223	489157	139579
6224	489240	139502
6225	489319	139423
6226	489401	139346
6227	489477	139266
6228	489548	139186
6229	489631	139108
6230	489705	139028
6231	489789	138951
6232	489868	138873
6233	489954	138796
6234	490034	138718
6235	490110	138639
6236	490193	138561
6237	490279	138485
6238	490358	138406
6239	490427	138325
6240	490516	138250
6241	490590	138170
6242	490668	138091
6243	490747	138012
6244	490826	137934
6245	490900	137854
6246	490983	137777
6247	491068	137700
6248	491151	137623
6249	491232	137544
6250	491305	137465
6251	491385	137386
6252	491457	137306
6253	491534	137227
6254	491614	137149
6255	491696	137071
6256	491775	136992
6257	491856	136915
6258	491940	136838
6259	492013	136757
6260	492086	136677
6261	492168	136599
6262	492248	136521
6263	492328	136443
6264	492421	136368
6265	492501	136290
6266	492585	136213
6267	492666	136135
6268	492742	136056
6269	492815	135976
6270	492898	135898
6271	492970	135818
6272	493052	135740
6273	493126	135660
6274	493210	135583
6275	493291	135505
6276	493367	135426
6277	493444	135347
6278	493524	135269
6279	493606	135191
6280	493687	135113
6281	493769	135035
6282	493839	134955
6283	493917	134876
6284	493994	134797
6285	494072	134718
6286	494152	134640
6287	494235	134562
6288	494300	134480
6289	494382	134402
6290	494466	134325
6291	494540	134245
6292	494610	134165
6293	494686	134085
6294	494755	134004
6295	494830	133924
6296	494910	133846
6297	494994	133769
6298	495077	133692
6299	495155	133613
6300	495236	133535
6301	495325	133459
6302	495403	133380
6303	495490	133304
6304	495564	133224
6305	495650	133148
6306	495735	133071
6307	495813	132992
6308	495892	132913
6309	495971	132835
6310	496051	132757
6311	496134	132679
6312	496207	132599
6313	496292	132522
6314	496374	132445
6315	496465	132369
6316	496544	132291
6317	496621	132212
6318	496729	132141
6319	496832	132069
6320	496927	131995
6321	497023	131921
6322	497114	131845
6323	497209	131771
6324	497296	131695
6325	497376	131616
6326	497449	131536
6327	497530	131458
6328	497606	131379
6329	497692	131302
6330	497772	131224
6331	497844	131144
6332	497917	131064
6333	497993	130984
6334	498077	130907
6335	498161	130830
6336	498243	130752
6337	498316	130672
6338	498409	130597
6339	498486	130518
6340	498563	130439
6341	498641	130360
6342	498715	130280
6343	498802	130204
6344	498878	130125
6345	498949	130044
6346	499035	129967
6347	499118	129890
6348	499193	129810
6349	499279	129734
6350	499359	129655
6351	499435	129576
6352	499511	129497
6353	499587	129417
6354	499665	129339
6355	499744	129260
6356	499828	129183
6357	499917	129107
6358	499998	129029
6359	500095	128955
6360	500186	128879
6361	500287	128807
6362	500370	128729
6363	500468	128655
6364	500558	128580
6365	500660	128507
6366	500752	128432
6367	500833	128354
6368	500923	128278
6369	501013	128202
6370	501101	128126
6371	501182	128048
6372	501257	127968
6373	501343	127892
6374	501415	127811
6375	501499	127734
6376	501586	127658
6377	501668	127580
6378	501737	127499
6379	501816	127420
6380	501895	127341
6381	501978	127264
6382	502051	127184
6383	502129	127105
6384	502208	127026
6385	502296	126950
6386	502376	126872
6387	502457	126794
6388	502538	126716
6389	502627	126640
6390	502708	126561
6391	502798	126486
6392	502872	126406
6393	502960	126329
6394	503044	126252
6395	503116	126172
6396	503182	126090
6397	503248	126008
6398	503331	125931
6399	503399	125849
6400	503473	125770
6401	503553	125691
6402	503628	125612
6403	503714	125535
6404	503788	125455
6405	503868	125377
6406	503944	125297
6407	504024	125219
6408	504103	125141
6409	504185	125063
6410	504270	124986
6411	504366	124911
6412	504463	124837
6413	504538	124758
6414	504615	124679
6415	504691	124599
6416	504754	124517
6417	504827	124437
6418	504917	124361
6419	505003	124284
6420	505080	124205
6421	505156	124125
6422	505219	124043
6423	505298	123964
6424	505375	123885
6425	505455	123807
6426	505537	123729
6427	505614	123650
6428	505700	123573
6429	505787	123497
6430	505860	123417
6431	505947	123340
6432	506029	123262
6433	506105	123183
6434	506183	123104
6435	506256	123024
6436	506337	122946
6437	506415	122867
6438	506497	122789
6439	506582	122712
6440	506652	122631
6441	506739	122555
6442	506813	122475
6443	506885	122395
6444	506968	122317
6445	507052	122240
6446	507128	122160
6447	507213	122083
6448	507286	122003
6449	507366	121925
6450	507440	121845
6451	507528	121769
6452	507608	121690
6453	507692	121613
6454	507773	121535
6455	507851	121456
6456	507933	121378
6457	508004	121298
6458	508077	121218
6459	508149	121137
6460	508226	121058
6461	508296	120977
6462	508374	120899
6463	508457	120821
6464	508541	120744
6465	508625	120666
6466	508705	120588
6467	508773	120507
6468	508853	120428
6469	508936	120351
6470	509010	120271
6471	509086	120192
6472	509163	120113
6473	509238	120033
6474	509309	119953
6475	509388	119874
6476	509472	119797
6477	509548	119717
6478	509635	119641
6479	509715	119562
6480	509794	119484
6481	509869	119404
6482	509954	119327
6483	510038	119250
6484	510114	119170
6485	510198	119093
6486	510279	119015
6487	510357	118936
6488	510433	118857
6489	510508	118777
6490	510585	118698
6491	510658	118618
6492	510740	118540
6493	510819	118462
6494	510894	118382
6495	510973	118304
6496	511056	118226
6497	511132	118147
6498	511212	118068
6499	511286	117989
6500	511361	117909
6501	511443	117831
6502	511525	117753
6503	511604	117675
6504	511688	117597
6505	511770	117519
6506	511847	117440
6507	511918	117360
6508	512000	117282
6509	512084	117205
6510	512159	117125
6511	512240	117047
6512	512318	116968
6513	512398	116890
6514	512468	116809
6515	512551	116732
6516	512619	116650
6517	512706	116574
6518	512779	116494
6519	512853	116414
6520	512932	116336
6521	513009	116256
6522	513078	116176
6523	513150	116096
6524	513233	116018
6525	513317	115940
6526	513400	115863
6527	513454	115778
6528	513533	115700
6529	513602	115619
6530	513686	115542
6531	513767	115463
6532	513846	115385
6533	513927	115307
6534	514008	115229
6535	514082	115149
6536	514157	115070
6537	514232	114990
6538	514305	114910
6539	514390	114833
6540	514468	114754
6541	514556	114677
6542	514641	114600
6543	514719	114521
6544	514787	114440
6545	514866	114362
6546	514948	114284
6547	515025	114205
6548	515116	114129
6549	515203	114052
6550	515279	113973
6551	515361	113895
6552	515441	113817
6553	515520	113738
6554	515606	113661
6555	515684	113582
6556	515759	113503
6557	515836	113424
6558	515910	113344
6559	515987	113265
6560	516063	113186
6561	516143	113108
6562	516224	113029
6563	516297	112949
6564	516378	112871
6565	516457	112793
6566	516552	112717
6567	516626	112638
6568	516705	112559
6569	516792	112483
6570	516866	112403
6571	516946	112324
6572	517028	112247
6573	517088	112164
6574	517166	112085
6575	517251	112008
6576	517328	111929
6577	517402	111849
6578	517480	111770
6579	517559	111692
6580	517646	111615
6581	517721	111535
6582	517804	111458
6583	517890	111381
6584	517974	111303
6585	518046	111223
6586	518130	111145
6587	518209	111067
6588	518292	110989
6589	518380	110913
6590	518458	110834
6591	518546	110757
6592	518631	110680
6593	518710	110601
6594	518787	110522
6595	518868	110444
6596	518938	110363
6597	519022	110286
6598	519098	110207
6599	519174	110128
6600	519265	110051
6601	519349	109974
6602	519434	109896
6603	519509	109817
